[debug] [2026-01-12T10:06:36.295Z] > command requires scopes: ["email","openid","https://www.googleapis.com/auth/cloudplatformprojects.readonly","https://www.googleapis.com/auth/firebase","https://www.googleapis.com/auth/cloud-platform"]
[debug] [2026-01-12T10:06:36.296Z] > authorizing via signed-in user (spetrot@gmail.com)
[debug] [2026-01-12T10:06:36.296Z] > command requires scopes: ["email","openid","https://www.googleapis.com/auth/cloudplatformprojects.readonly","https://www.googleapis.com/auth/firebase","https://www.googleapis.com/auth/cloud-platform"]
[debug] [2026-01-12T10:06:36.296Z] > authorizing via signed-in user (spetrot@gmail.com)
[debug] [2026-01-12T10:06:36.301Z] > command requires scopes: ["email","openid","https://www.googleapis.com/auth/cloudplatformprojects.readonly","https://www.googleapis.com/auth/firebase","https://www.googleapis.com/auth/cloud-platform"]
[debug] [2026-01-12T10:06:36.302Z] > authorizing via signed-in user (spetrot@gmail.com)
[debug] [2026-01-12T10:06:36.366Z] > command requires scopes: ["email","openid","https://www.googleapis.com/auth/cloudplatformprojects.readonly","https://www.googleapis.com/auth/firebase","https://www.googleapis.com/auth/cloud-platform"]
[debug] [2026-01-12T10:06:36.367Z] > authorizing via signed-in user (spetrot@gmail.com)
[debug] [2026-01-12T10:06:36.367Z] > command requires scopes: ["email","openid","https://www.googleapis.com/auth/cloudplatformprojects.readonly","https://www.googleapis.com/auth/firebase","https://www.googleapis.com/auth/cloud-platform"]
[debug] [2026-01-12T10:06:36.367Z] > authorizing via signed-in user (spetrot@gmail.com)
[debug] [2026-01-12T10:06:36.368Z] > command requires scopes: ["email","openid","https://www.googleapis.com/auth/cloudplatformprojects.readonly","https://www.googleapis.com/auth/firebase","https://www.googleapis.com/auth/cloud-platform"]
[debug] [2026-01-12T10:06:36.369Z] > authorizing via signed-in user (spetrot@gmail.com)
[debug] [2026-01-12T10:06:36.369Z] > command requires scopes: ["email","openid","https://www.googleapis.com/auth/cloudplatformprojects.readonly","https://www.googleapis.com/auth/firebase","https://www.googleapis.com/auth/cloud-platform"]
[debug] [2026-01-12T10:06:36.369Z] > authorizing via signed-in user (spetrot@gmail.com)
[debug] [2026-01-12T10:07:04.074Z] > command requires scopes: ["email","openid","https://www.googleapis.com/auth/cloudplatformprojects.readonly","https://www.googleapis.com/auth/firebase","https://www.googleapis.com/auth/cloud-platform"]
[debug] [2026-01-12T10:07:04.075Z] > authorizing via signed-in user (spetrot@gmail.com)
[debug] [2026-01-12T10:07:04.075Z] > command requires scopes: ["email","openid","https://www.googleapis.com/auth/cloudplatformprojects.readonly","https://www.googleapis.com/auth/firebase","https://www.googleapis.com/auth/cloud-platform"]
[debug] [2026-01-12T10:07:04.075Z] > authorizing via signed-in user (spetrot@gmail.com)
[debug] [2026-01-12T10:07:04.081Z] > command requires scopes: ["email","openid","https://www.googleapis.com/auth/cloudplatformprojects.readonly","https://www.googleapis.com/auth/firebase","https://www.googleapis.com/auth/cloud-platform"]
[debug] [2026-01-12T10:07:04.081Z] > authorizing via signed-in user (spetrot@gmail.com)
[debug] [2026-01-12T10:07:04.146Z] > command requires scopes: ["email","openid","https://www.googleapis.com/auth/cloudplatformprojects.readonly","https://www.googleapis.com/auth/firebase","https://www.googleapis.com/auth/cloud-platform"]
[debug] [2026-01-12T10:07:04.146Z] > authorizing via signed-in user (spetrot@gmail.com)
[debug] [2026-01-12T10:07:04.147Z] > command requires scopes: ["email","openid","https://www.googleapis.com/auth/cloudplatformprojects.readonly","https://www.googleapis.com/auth/firebase","https://www.googleapis.com/auth/cloud-platform"]
[debug] [2026-01-12T10:07:04.147Z] > authorizing via signed-in user (spetrot@gmail.com)
[debug] [2026-01-12T10:07:04.148Z] > command requires scopes: ["email","openid","https://www.googleapis.com/auth/cloudplatformprojects.readonly","https://www.googleapis.com/auth/firebase","https://www.googleapis.com/auth/cloud-platform"]
[debug] [2026-01-12T10:07:04.148Z] > authorizing via signed-in user (spetrot@gmail.com)
[debug] [2026-01-12T10:07:04.148Z] > command requires scopes: ["email","openid","https://www.googleapis.com/auth/cloudplatformprojects.readonly","https://www.googleapis.com/auth/firebase","https://www.googleapis.com/auth/cloud-platform"]
[debug] [2026-01-12T10:07:04.148Z] > authorizing via signed-in user (spetrot@gmail.com)
[debug] [2026-01-12T10:08:18.362Z] > command requires scopes: ["email","openid","https://www.googleapis.com/auth/cloudplatformprojects.readonly","https://www.googleapis.com/auth/firebase","https://www.googleapis.com/auth/cloud-platform"]
[debug] [2026-01-12T10:08:18.362Z] > authorizing via signed-in user (spetrot@gmail.com)
[debug] [2026-01-12T10:08:18.363Z] > command requires scopes: ["email","openid","https://www.googleapis.com/auth/cloudplatformprojects.readonly","https://www.googleapis.com/auth/firebase","https://www.googleapis.com/auth/cloud-platform"]
[debug] [2026-01-12T10:08:18.363Z] > authorizing via signed-in user (spetrot@gmail.com)
[debug] [2026-01-12T10:09:00.149Z] > command requires scopes: ["email","openid","https://www.googleapis.com/auth/cloudplatformprojects.readonly","https://www.googleapis.com/auth/firebase","https://www.googleapis.com/auth/cloud-platform"]
[debug] [2026-01-12T10:09:00.149Z] > authorizing via signed-in user (spetrot@gmail.com)
[debug] [2026-01-12T10:09:00.150Z] > command requires scopes: ["email","openid","https://www.googleapis.com/auth/cloudplatformprojects.readonly","https://www.googleapis.com/auth/firebase","https://www.googleapis.com/auth/cloud-platform"]
[debug] [2026-01-12T10:09:00.151Z] > authorizing via signed-in user (spetrot@gmail.com)
[debug] [2026-01-12T10:09:00.187Z] >>> [apiv2][query] GET https://accounts.google.com/o/oauth2/revoke token=1%2F%2F03zzEB9XFA7LYCgYIARAAGAMSNwF-L9Irp4LdODganfzGt7iSaCtGtXU9IreaXxx8Qid32MiehLYaS_3ZnQbwFkRhPaw1bqDD6lg
[debug] [2026-01-12T10:09:00.267Z] <<< [apiv2][status] GET https://accounts.google.com/o/oauth2/revoke 400
[debug] [2026-01-12T10:09:00.267Z] <<< [apiv2][body] GET https://accounts.google.com/o/oauth2/revoke {"error":"invalid_token"}
[debug] [2026-01-12T10:09:00.267Z] Authentication Error.
[debug] [2026-01-12T10:09:08.220Z] > command requires scopes: ["email","openid","https://www.googleapis.com/auth/cloudplatformprojects.readonly","https://www.googleapis.com/auth/firebase","https://www.googleapis.com/auth/cloud-platform"]
[debug] [2026-01-12T10:09:13.446Z] > command requires scopes: ["email","openid","https://www.googleapis.com/auth/cloudplatformprojects.readonly","https://www.googleapis.com/auth/firebase","https://www.googleapis.com/auth/cloud-platform"]
[debug] [2026-01-12T10:09:13.477Z] >>> [apiv2][query] POST https://auth.firebase.tools/attest [none]
[debug] [2026-01-12T10:09:13.477Z] >>> [apiv2][body] POST https://auth.firebase.tools/attest {"session_id":"af2ec39c-976f-46c6-abc9-6d11bb42d000"}
[debug] [2026-01-12T10:09:13.767Z] <<< [apiv2][status] POST https://auth.firebase.tools/attest 200
[debug] [2026-01-12T10:09:13.767Z] <<< [apiv2][body] POST https://auth.firebase.tools/attest {"token":"43KMCS4tgiwVJN6llx3zel8dOFwPfRaVaBmxBBIA0-I"}
[debug] [2026-01-12T10:10:26.192Z] > command requires scopes: ["email","openid","https://www.googleapis.com/auth/cloudplatformprojects.readonly","https://www.googleapis.com/auth/firebase","https://www.googleapis.com/auth/cloud-platform"]
[debug] [2026-01-12T10:10:26.292Z] > command requires scopes: ["email","openid","https://www.googleapis.com/auth/cloudplatformprojects.readonly","https://www.googleapis.com/auth/firebase","https://www.googleapis.com/auth/cloud-platform"]
[debug] [2026-01-12T10:10:26.321Z] >>> [apiv2][query] POST https://accounts.google.com/o/oauth2/token [none]
[debug] [2026-01-12T10:10:26.321Z] >>> [apiv2][body] POST https://accounts.google.com/o/oauth2/token [omitted]
[debug] [2026-01-12T10:10:26.428Z] <<< [apiv2][status] POST https://accounts.google.com/o/oauth2/token 200
[debug] [2026-01-12T10:10:26.428Z] <<< [apiv2][body] POST https://accounts.google.com/o/oauth2/token [omitted]
[debug] [2026-01-12T10:10:41.702Z] > command requires scopes: ["email","openid","https://www.googleapis.com/auth/cloudplatformprojects.readonly","https://www.googleapis.com/auth/firebase","https://www.googleapis.com/auth/cloud-platform"]
[debug] [2026-01-12T10:10:41.702Z] > authorizing via signed-in user (dev@automate-me.co)
[debug] [2026-01-12T10:10:41.703Z] > command requires scopes: ["email","openid","https://www.googleapis.com/auth/cloudplatformprojects.readonly","https://www.googleapis.com/auth/firebase","https://www.googleapis.com/auth/cloud-platform"]
[debug] [2026-01-12T10:10:41.704Z] > authorizing via signed-in user (dev@automate-me.co)
[debug] [2026-01-12T10:10:41.704Z] Checked if tokens are valid: true, expires at: 1768216225428
[debug] [2026-01-12T10:10:41.704Z] Checked if tokens are valid: true, expires at: 1768216225428
[debug] [2026-01-12T10:10:41.704Z] >>> [apiv2][query] GET https://firebase.googleapis.com/v1beta1/projects pageSize=1000
[debug] [2026-01-12T10:10:42.174Z] <<< [apiv2][status] GET https://firebase.googleapis.com/v1beta1/projects 200
[debug] [2026-01-12T10:10:42.174Z] <<< [apiv2][body] GET https://firebase.googleapis.com/v1beta1/projects [omitted]
[debug] [2026-01-12T13:48:32.771Z] > command requires scopes: ["email","openid","https://www.googleapis.com/auth/cloudplatformprojects.readonly","https://www.googleapis.com/auth/firebase","https://www.googleapis.com/auth/cloud-platform"]
[debug] [2026-01-12T13:48:32.772Z] > authorizing via signed-in user (dev@automate-me.co)
[debug] [2026-01-12T13:48:40.274Z] > command requires scopes: ["email","openid","https://www.googleapis.com/auth/cloudplatformprojects.readonly","https://www.googleapis.com/auth/firebase","https://www.googleapis.com/auth/cloud-platform"]
[debug] [2026-01-12T13:48:40.275Z] > authorizing via signed-in user (dev@automate-me.co)
[debug] [2026-01-12T13:48:40.276Z] > command requires scopes: ["email","openid","https://www.googleapis.com/auth/cloudplatformprojects.readonly","https://www.googleapis.com/auth/firebase","https://www.googleapis.com/auth/cloud-platform"]
[debug] [2026-01-12T13:48:40.276Z] > authorizing via signed-in user (dev@automate-me.co)
[debug] [2026-01-12T13:48:40.278Z] Checked if tokens are valid: false, expires at: 1768216225428
[debug] [2026-01-12T13:48:40.278Z] Checked if tokens are valid: false, expires at: 1768216225428
[debug] [2026-01-12T13:48:40.279Z] > refreshing access token with scopes: []
[debug] [2026-01-12T13:48:40.279Z] >>> [apiv2][query] POST https://www.googleapis.com/oauth2/v3/token [none]
[debug] [2026-01-12T13:48:40.279Z] >>> [apiv2][body] POST https://www.googleapis.com/oauth2/v3/token [omitted]
[debug] [2026-01-12T13:48:40.368Z] <<< [apiv2][status] POST https://www.googleapis.com/oauth2/v3/token 200
[debug] [2026-01-12T13:48:40.368Z] <<< [apiv2][body] POST https://www.googleapis.com/oauth2/v3/token [omitted]
[debug] [2026-01-12T13:48:40.381Z] >>> [apiv2][query] GET https://serviceusage.googleapis.com/v1/projects/b27-sde/services/cloudresourcemanager.googleapis.com [none]
[debug] [2026-01-12T13:48:40.381Z] >>> [apiv2][(partial)header] GET https://serviceusage.googleapis.com/v1/projects/b27-sde/services/cloudresourcemanager.googleapis.com x-goog-quota-user=projects/b27-sde
[debug] [2026-01-12T13:48:41.452Z] <<< [apiv2][status] GET https://serviceusage.googleapis.com/v1/projects/b27-sde/services/cloudresourcemanager.googleapis.com 200
[debug] [2026-01-12T13:48:41.452Z] <<< [apiv2][body] GET https://serviceusage.googleapis.com/v1/projects/b27-sde/services/cloudresourcemanager.googleapis.com [omitted]
[debug] [2026-01-12T13:48:41.458Z] Checked if tokens are valid: true, expires at: 1768229319368
[debug] [2026-01-12T13:48:41.458Z] Checked if tokens are valid: true, expires at: 1768229319368
[debug] [2026-01-12T13:48:41.458Z] >>> [apiv2][query] GET https://cloudresourcemanager.googleapis.com/v1/projects/b27-sde [none]
[debug] [2026-01-12T13:48:42.134Z] <<< [apiv2][status] GET https://cloudresourcemanager.googleapis.com/v1/projects/b27-sde 200
[debug] [2026-01-12T13:48:42.134Z] <<< [apiv2][body] GET https://cloudresourcemanager.googleapis.com/v1/projects/b27-sde {"projectNumber":"896473570568","projectId":"b27-sde","lifecycleState":"ACTIVE","name":"B27-SDE","labels":{"firebase":"enabled"},"createTime":"2024-10-18T09:10:14.745167Z","parent":{"type":"organization","id":"504000794937"}}
[info] Now using project b27-sde
[debug] [2026-01-12T13:48:47.611Z] > command requires scopes: ["email","openid","https://www.googleapis.com/auth/cloudplatformprojects.readonly","https://www.googleapis.com/auth/firebase","https://www.googleapis.com/auth/cloud-platform"]
[debug] [2026-01-12T13:48:47.611Z] > authorizing via signed-in user (dev@automate-me.co)
[debug] [2026-01-12T13:48:47.611Z] Checked if tokens are valid: true, expires at: 1768229319368
[debug] [2026-01-12T13:48:47.611Z] Checked if tokens are valid: true, expires at: 1768229319368
[debug] [2026-01-12T13:48:47.611Z] >>> [apiv2][query] GET https://cloudbilling.googleapis.com/v1/projects/b27-sde/billingInfo [none]
[debug] [2026-01-12T13:48:48.556Z] <<< [apiv2][status] GET https://cloudbilling.googleapis.com/v1/projects/b27-sde/billingInfo 200
[debug] [2026-01-12T13:48:48.557Z] <<< [apiv2][body] GET https://cloudbilling.googleapis.com/v1/projects/b27-sde/billingInfo {"name":"projects/b27-sde/billingInfo","projectId":"b27-sde","billingAccountName":"billingAccounts/01CDFC-64F370-035BE3","billingEnabled":true}
[debug] [2026-01-12T13:48:48.559Z] > command requires scopes: ["email","openid","https://www.googleapis.com/auth/cloudplatformprojects.readonly","https://www.googleapis.com/auth/firebase","https://www.googleapis.com/auth/cloud-platform"]
[debug] [2026-01-12T13:48:48.559Z] > authorizing via signed-in user (dev@automate-me.co)
[debug] [2026-01-12T13:48:48.560Z] Checked if tokens are valid: true, expires at: 1768229319368
[debug] [2026-01-12T13:48:48.560Z] Checked if tokens are valid: true, expires at: 1768229319368
[debug] [2026-01-12T13:48:48.560Z] >>> [apiv2][query] GET https://cloudbilling.googleapis.com/v1/projects/b27-sde/billingInfo [none]
[debug] [2026-01-12T13:48:49.199Z] <<< [apiv2][status] GET https://cloudbilling.googleapis.com/v1/projects/b27-sde/billingInfo 200
[debug] [2026-01-12T13:48:49.199Z] <<< [apiv2][body] GET https://cloudbilling.googleapis.com/v1/projects/b27-sde/billingInfo {"name":"projects/b27-sde/billingInfo","projectId":"b27-sde","billingAccountName":"billingAccounts/01CDFC-64F370-035BE3","billingEnabled":true}
[debug] [2026-01-12T13:48:49.200Z] Checked if tokens are valid: true, expires at: 1768229319368
[debug] [2026-01-12T13:48:49.200Z] Checked if tokens are valid: true, expires at: 1768229319368
[debug] [2026-01-12T13:48:49.200Z] >>> [apiv2][query] GET https://firebase.googleapis.com/v1beta1/projects/b27-sde/webApps pageSize=100
[debug] [2026-01-12T13:48:49.580Z] <<< [apiv2][status] GET https://firebase.googleapis.com/v1beta1/projects/b27-sde/webApps 200
[debug] [2026-01-12T13:48:49.580Z] <<< [apiv2][body] GET https://firebase.googleapis.com/v1beta1/projects/b27-sde/webApps {}
[debug] [2026-01-12T13:48:56.253Z] > command requires scopes: ["email","openid","https://www.googleapis.com/auth/cloudplatformprojects.readonly","https://www.googleapis.com/auth/firebase","https://www.googleapis.com/auth/cloud-platform"]
[debug] [2026-01-12T13:48:56.253Z] > authorizing via signed-in user (dev@automate-me.co)
[debug] [2026-01-12T13:48:56.253Z] Checked if tokens are valid: true, expires at: 1768229319368
[debug] [2026-01-12T13:48:56.253Z] Checked if tokens are valid: true, expires at: 1768229319368
[debug] [2026-01-12T13:48:56.253Z] >>> [apiv2][query] GET https://cloudbilling.googleapis.com/v1/projects/b27-sde/billingInfo [none]
[debug] [2026-01-12T13:48:56.455Z] <<< [apiv2][status] GET https://cloudbilling.googleapis.com/v1/projects/b27-sde/billingInfo 200
[debug] [2026-01-12T13:48:56.455Z] <<< [apiv2][body] GET https://cloudbilling.googleapis.com/v1/projects/b27-sde/billingInfo {"name":"projects/b27-sde/billingInfo","projectId":"b27-sde","billingAccountName":"billingAccounts/01CDFC-64F370-035BE3","billingEnabled":true}
[debug] [2026-01-12T13:48:56.455Z] > command requires scopes: ["email","openid","https://www.googleapis.com/auth/cloudplatformprojects.readonly","https://www.googleapis.com/auth/firebase","https://www.googleapis.com/auth/cloud-platform"]
[debug] [2026-01-12T13:48:56.456Z] > authorizing via signed-in user (dev@automate-me.co)
[debug] [2026-01-12T13:48:56.456Z] Checked if tokens are valid: true, expires at: 1768229319368
[debug] [2026-01-12T13:48:56.456Z] Checked if tokens are valid: true, expires at: 1768229319368
[debug] [2026-01-12T13:48:56.456Z] >>> [apiv2][query] GET https://cloudbilling.googleapis.com/v1/projects/b27-sde/billingInfo [none]
[debug] [2026-01-12T13:48:57.061Z] <<< [apiv2][status] GET https://cloudbilling.googleapis.com/v1/projects/b27-sde/billingInfo 200
[debug] [2026-01-12T13:48:57.061Z] <<< [apiv2][body] GET https://cloudbilling.googleapis.com/v1/projects/b27-sde/billingInfo {"name":"projects/b27-sde/billingInfo","projectId":"b27-sde","billingAccountName":"billingAccounts/01CDFC-64F370-035BE3","billingEnabled":true}
[debug] [2026-01-12T13:48:57.062Z] Checked if tokens are valid: true, expires at: 1768229319368
[debug] [2026-01-12T13:48:57.062Z] Checked if tokens are valid: true, expires at: 1768229319368
[debug] [2026-01-12T13:48:57.062Z] >>> [apiv2][query] GET https://firebase.googleapis.com/v1beta1/projects/b27-sde:searchApps pageSize=100
[debug] [2026-01-12T13:48:57.377Z] <<< [apiv2][status] GET https://firebase.googleapis.com/v1beta1/projects/b27-sde:searchApps 200
[debug] [2026-01-12T13:48:57.377Z] <<< [apiv2][body] GET https://firebase.googleapis.com/v1beta1/projects/b27-sde:searchApps {}
[debug] [2026-01-12T13:49:09.257Z] > command requires scopes: ["email","openid","https://www.googleapis.com/auth/cloudplatformprojects.readonly","https://www.googleapis.com/auth/firebase","https://www.googleapis.com/auth/cloud-platform"]
[debug] [2026-01-12T13:49:09.257Z] > authorizing via signed-in user (dev@automate-me.co)
[debug] [2026-01-12T13:49:09.257Z] Checked if tokens are valid: true, expires at: 1768229319368
[debug] [2026-01-12T13:49:09.257Z] Checked if tokens are valid: true, expires at: 1768229319368
[debug] [2026-01-12T13:49:09.257Z] >>> [apiv2][query] GET https://cloudbilling.googleapis.com/v1/projects/b27-sde/billingInfo [none]
[debug] [2026-01-12T13:49:09.495Z] <<< [apiv2][status] GET https://cloudbilling.googleapis.com/v1/projects/b27-sde/billingInfo 200
[debug] [2026-01-12T13:49:09.495Z] <<< [apiv2][body] GET https://cloudbilling.googleapis.com/v1/projects/b27-sde/billingInfo {"name":"projects/b27-sde/billingInfo","projectId":"b27-sde","billingAccountName":"billingAccounts/01CDFC-64F370-035BE3","billingEnabled":true}
[debug] [2026-01-12T13:49:09.495Z] > command requires scopes: ["email","openid","https://www.googleapis.com/auth/cloudplatformprojects.readonly","https://www.googleapis.com/auth/firebase","https://www.googleapis.com/auth/cloud-platform"]
[debug] [2026-01-12T13:49:09.495Z] > authorizing via signed-in user (dev@automate-me.co)
[debug] [2026-01-12T13:49:09.495Z] Checked if tokens are valid: true, expires at: 1768229319368
[debug] [2026-01-12T13:49:09.495Z] Checked if tokens are valid: true, expires at: 1768229319368
[debug] [2026-01-12T13:49:09.496Z] >>> [apiv2][query] GET https://cloudbilling.googleapis.com/v1/projects/b27-sde/billingInfo [none]
[debug] [2026-01-12T13:49:10.107Z] <<< [apiv2][status] GET https://cloudbilling.googleapis.com/v1/projects/b27-sde/billingInfo 200
[debug] [2026-01-12T13:49:10.107Z] <<< [apiv2][body] GET https://cloudbilling.googleapis.com/v1/projects/b27-sde/billingInfo {"name":"projects/b27-sde/billingInfo","projectId":"b27-sde","billingAccountName":"billingAccounts/01CDFC-64F370-035BE3","billingEnabled":true}
[debug] [2026-01-12T13:49:10.108Z] Checked if tokens are valid: true, expires at: 1768229319368
[debug] [2026-01-12T13:49:10.108Z] Checked if tokens are valid: true, expires at: 1768229319368
[debug] [2026-01-12T13:49:10.108Z] >>> [apiv2][query] POST https://firebase.googleapis.com/v1beta1/projects/b27-sde/webApps [none]
[debug] [2026-01-12T13:49:10.108Z] >>> [apiv2][body] POST https://firebase.googleapis.com/v1beta1/projects/b27-sde/webApps {"displayName":"Audit SDE Web App"}
[debug] [2026-01-12T13:49:11.476Z] <<< [apiv2][status] POST https://firebase.googleapis.com/v1beta1/projects/b27-sde/webApps 200
[debug] [2026-01-12T13:49:11.477Z] <<< [apiv2][body] POST https://firebase.googleapis.com/v1beta1/projects/b27-sde/webApps {"name":"operations/workflows/MzdhMjJkODEtZmZjZC00ZWUxLTlmZTYtZTZiMTIyMmM3NTcy"}
[debug] [2026-01-12T13:49:11.479Z] Checked if tokens are valid: true, expires at: 1768229319368
[debug] [2026-01-12T13:49:11.479Z] Checked if tokens are valid: true, expires at: 1768229319368
[debug] [2026-01-12T13:49:11.479Z] >>> [apiv2][query] GET https://firebase.googleapis.com/v1beta1/operations/workflows/MzdhMjJkODEtZmZjZC00ZWUxLTlmZTYtZTZiMTIyMmM3NTcy [none]
[debug] [2026-01-12T13:49:11.799Z] <<< [apiv2][status] GET https://firebase.googleapis.com/v1beta1/operations/workflows/MzdhMjJkODEtZmZjZC00ZWUxLTlmZTYtZTZiMTIyMmM3NTcy 200
[debug] [2026-01-12T13:49:11.799Z] <<< [apiv2][body] GET https://firebase.googleapis.com/v1beta1/operations/workflows/MzdhMjJkODEtZmZjZC00ZWUxLTlmZTYtZTZiMTIyMmM3NTcy {"name":"operations/workflows/MzdhMjJkODEtZmZjZC00ZWUxLTlmZTYtZTZiMTIyMmM3NTcy"}
[debug] [2026-01-12T13:49:12.300Z] [Create Web app Poller] Retrying task index 0
[debug] [2026-01-12T13:49:12.301Z] Checked if tokens are valid: true, expires at: 1768229319368
[debug] [2026-01-12T13:49:12.301Z] Checked if tokens are valid: true, expires at: 1768229319368
[debug] [2026-01-12T13:49:12.301Z] >>> [apiv2][query] GET https://firebase.googleapis.com/v1beta1/operations/workflows/MzdhMjJkODEtZmZjZC00ZWUxLTlmZTYtZTZiMTIyMmM3NTcy [none]
[debug] [2026-01-12T13:49:12.644Z] <<< [apiv2][status] GET https://firebase.googleapis.com/v1beta1/operations/workflows/MzdhMjJkODEtZmZjZC00ZWUxLTlmZTYtZTZiMTIyMmM3NTcy 200
[debug] [2026-01-12T13:49:12.644Z] <<< [apiv2][body] GET https://firebase.googleapis.com/v1beta1/operations/workflows/MzdhMjJkODEtZmZjZC00ZWUxLTlmZTYtZTZiMTIyMmM3NTcy {"name":"operations/workflows/MzdhMjJkODEtZmZjZC00ZWUxLTlmZTYtZTZiMTIyMmM3NTcy"}
[debug] [2026-01-12T13:49:13.646Z] [Create Web app Poller] Retrying task index 0
[debug] [2026-01-12T13:49:13.646Z] Checked if tokens are valid: true, expires at: 1768229319368
[debug] [2026-01-12T13:49:13.646Z] Checked if tokens are valid: true, expires at: 1768229319368
[debug] [2026-01-12T13:49:13.646Z] >>> [apiv2][query] GET https://firebase.googleapis.com/v1beta1/operations/workflows/MzdhMjJkODEtZmZjZC00ZWUxLTlmZTYtZTZiMTIyMmM3NTcy [none]
[debug] [2026-01-12T13:49:14.033Z] <<< [apiv2][status] GET https://firebase.googleapis.com/v1beta1/operations/workflows/MzdhMjJkODEtZmZjZC00ZWUxLTlmZTYtZTZiMTIyMmM3NTcy 200
[debug] [2026-01-12T13:49:14.033Z] <<< [apiv2][body] GET https://firebase.googleapis.com/v1beta1/operations/workflows/MzdhMjJkODEtZmZjZC00ZWUxLTlmZTYtZTZiMTIyMmM3NTcy {"name":"operations/workflows/MzdhMjJkODEtZmZjZC00ZWUxLTlmZTYtZTZiMTIyMmM3NTcy"}
[debug] [2026-01-12T13:49:16.034Z] [Create Web app Poller] Retrying task index 0
[debug] [2026-01-12T13:49:16.035Z] Checked if tokens are valid: true, expires at: 1768229319368
[debug] [2026-01-12T13:49:16.035Z] Checked if tokens are valid: true, expires at: 1768229319368
[debug] [2026-01-12T13:49:16.035Z] >>> [apiv2][query] GET https://firebase.googleapis.com/v1beta1/operations/workflows/MzdhMjJkODEtZmZjZC00ZWUxLTlmZTYtZTZiMTIyMmM3NTcy [none]
[debug] [2026-01-12T13:49:16.452Z] <<< [apiv2][status] GET https://firebase.googleapis.com/v1beta1/operations/workflows/MzdhMjJkODEtZmZjZC00ZWUxLTlmZTYtZTZiMTIyMmM3NTcy 200
[debug] [2026-01-12T13:49:16.452Z] <<< [apiv2][body] GET https://firebase.googleapis.com/v1beta1/operations/workflows/MzdhMjJkODEtZmZjZC00ZWUxLTlmZTYtZTZiMTIyMmM3NTcy {"name":"operations/workflows/MzdhMjJkODEtZmZjZC00ZWUxLTlmZTYtZTZiMTIyMmM3NTcy","done":true,"response":{"@type":"type.googleapis.com/google.firebase.service.v1beta1.WebApp","name":"projects/b27-sde/webApps/1:896473570568:web:8545abd1db504cc3a5a0bd","appId":"1:896473570568:web:8545abd1db504cc3a5a0bd","displayName":"Audit SDE Web App","projectId":"b27-sde","webId":"NmFhMjZiYjMtODIyZC00YzIxLWJkNjEtYjhjOTIxY2MwYjg0","apiKeyId":"22d89429-079d-4a9d-b2ab-f3284797be9f","state":"ACTIVE","expireTime":"1970-01-01T00:00:00Z","etag":"1_497823c6-d7df-4367-bd42-2f6d0d8a4925"}}
[debug] [2026-01-12T13:49:24.557Z] > command requires scopes: ["email","openid","https://www.googleapis.com/auth/cloudplatformprojects.readonly","https://www.googleapis.com/auth/firebase","https://www.googleapis.com/auth/cloud-platform"]
[debug] [2026-01-12T13:49:24.557Z] > authorizing via signed-in user (dev@automate-me.co)
[debug] [2026-01-12T13:49:24.557Z] Checked if tokens are valid: true, expires at: 1768229319368
[debug] [2026-01-12T13:49:24.557Z] Checked if tokens are valid: true, expires at: 1768229319368
[debug] [2026-01-12T13:49:24.557Z] >>> [apiv2][query] GET https://cloudbilling.googleapis.com/v1/projects/b27-sde/billingInfo [none]
[debug] [2026-01-12T13:49:24.953Z] <<< [apiv2][status] GET https://cloudbilling.googleapis.com/v1/projects/b27-sde/billingInfo 200
[debug] [2026-01-12T13:49:24.953Z] <<< [apiv2][body] GET https://cloudbilling.googleapis.com/v1/projects/b27-sde/billingInfo {"name":"projects/b27-sde/billingInfo","projectId":"b27-sde","billingAccountName":"billingAccounts/01CDFC-64F370-035BE3","billingEnabled":true}
[debug] [2026-01-12T13:49:24.954Z] > command requires scopes: ["email","openid","https://www.googleapis.com/auth/cloudplatformprojects.readonly","https://www.googleapis.com/auth/firebase","https://www.googleapis.com/auth/cloud-platform"]
[debug] [2026-01-12T13:49:24.954Z] > authorizing via signed-in user (dev@automate-me.co)
[debug] [2026-01-12T13:49:24.954Z] Checked if tokens are valid: true, expires at: 1768229319368
[debug] [2026-01-12T13:49:24.954Z] Checked if tokens are valid: true, expires at: 1768229319368
[debug] [2026-01-12T13:49:24.954Z] >>> [apiv2][query] GET https://cloudbilling.googleapis.com/v1/projects/b27-sde/billingInfo [none]
[debug] [2026-01-12T13:49:25.621Z] <<< [apiv2][status] GET https://cloudbilling.googleapis.com/v1/projects/b27-sde/billingInfo 200
[debug] [2026-01-12T13:49:25.621Z] <<< [apiv2][body] GET https://cloudbilling.googleapis.com/v1/projects/b27-sde/billingInfo {"name":"projects/b27-sde/billingInfo","projectId":"b27-sde","billingAccountName":"billingAccounts/01CDFC-64F370-035BE3","billingEnabled":true}
[debug] [2026-01-12T13:49:25.621Z] Checked if tokens are valid: true, expires at: 1768229319368
[debug] [2026-01-12T13:49:25.621Z] Checked if tokens are valid: true, expires at: 1768229319368
[debug] [2026-01-12T13:49:25.621Z] >>> [apiv2][query] GET https://firebase.googleapis.com/v1beta1/projects/b27-sde/webApps pageSize=100
[debug] [2026-01-12T13:49:25.894Z] <<< [apiv2][status] GET https://firebase.googleapis.com/v1beta1/projects/b27-sde/webApps 200
[debug] [2026-01-12T13:49:25.894Z] <<< [apiv2][body] GET https://firebase.googleapis.com/v1beta1/projects/b27-sde/webApps {"apps":[{"name":"projects/b27-sde/webApps/1:896473570568:web:8545abd1db504cc3a5a0bd","appId":"1:896473570568:web:8545abd1db504cc3a5a0bd","displayName":"Audit SDE Web App","projectId":"b27-sde","webId":"NmFhMjZiYjMtODIyZC00YzIxLWJkNjEtYjhjOTIxY2MwYjg0","apiKeyId":"22d89429-079d-4a9d-b2ab-f3284797be9f","state":"ACTIVE","expireTime":"1970-01-01T00:00:00Z","etag":"1_497823c6-d7df-4367-bd42-2f6d0d8a4925"}]}
[debug] [2026-01-12T13:49:25.895Z] Checked if tokens are valid: true, expires at: 1768229319368
[debug] [2026-01-12T13:49:25.895Z] Checked if tokens are valid: true, expires at: 1768229319368
[debug] [2026-01-12T13:49:25.895Z] >>> [apiv2][query] GET https://firebase.googleapis.com/v1beta1/projects/-/webApps/1:896473570568:web:8545abd1db504cc3a5a0bd/config [none]
[debug] [2026-01-12T13:49:26.473Z] <<< [apiv2][status] GET https://firebase.googleapis.com/v1beta1/projects/-/webApps/1:896473570568:web:8545abd1db504cc3a5a0bd/config 200
[debug] [2026-01-12T13:49:26.473Z] <<< [apiv2][body] GET https://firebase.googleapis.com/v1beta1/projects/-/webApps/1:896473570568:web:8545abd1db504cc3a5a0bd/config {"projectId":"b27-sde","appId":"1:896473570568:web:8545abd1db504cc3a5a0bd","storageBucket":"b27-sde.firebasestorage.app","apiKey":"AIzaSyCA4KRvQ1RYwkRXURdbYf1iFWWsa2a_U9M","authDomain":"b27-sde.firebaseapp.com","messagingSenderId":"896473570568","measurementId":"G-KMPNSQ2C4M","projectNumber":"896473570568","version":"2"}
[debug] [2026-01-12T14:57:57.644Z] > command requires scopes: ["email","openid","https://www.googleapis.com/auth/cloudplatformprojects.readonly","https://www.googleapis.com/auth/firebase","https://www.googleapis.com/auth/cloud-platform"]
[debug] [2026-01-12T14:57:57.644Z] > authorizing via signed-in user (dev@automate-me.co)
[debug] [2026-01-12T14:57:57.645Z] Checked if tokens are valid: false, expires at: 1768229319368
[debug] [2026-01-12T14:57:57.645Z] Checked if tokens are valid: false, expires at: 1768229319368
[debug] [2026-01-12T14:57:57.645Z] > refreshing access token with scopes: []
[debug] [2026-01-12T14:57:57.646Z] >>> [apiv2][query] POST https://www.googleapis.com/oauth2/v3/token [none]
[debug] [2026-01-12T14:57:57.646Z] >>> [apiv2][body] POST https://www.googleapis.com/oauth2/v3/token [omitted]
[debug] [2026-01-12T14:57:57.758Z] <<< [apiv2][status] POST https://www.googleapis.com/oauth2/v3/token 200
[debug] [2026-01-12T14:57:57.758Z] <<< [apiv2][body] POST https://www.googleapis.com/oauth2/v3/token [omitted]
[debug] [2026-01-12T14:57:57.772Z] >>> [apiv2][query] GET https://cloudbilling.googleapis.com/v1/projects/b27-sde/billingInfo [none]
[debug] [2026-01-12T14:57:58.499Z] <<< [apiv2][status] GET https://cloudbilling.googleapis.com/v1/projects/b27-sde/billingInfo 200
[debug] [2026-01-12T14:57:58.500Z] <<< [apiv2][body] GET https://cloudbilling.googleapis.com/v1/projects/b27-sde/billingInfo {"name":"projects/b27-sde/billingInfo","projectId":"b27-sde","billingAccountName":"billingAccounts/01CDFC-64F370-035BE3","billingEnabled":true}
[debug] [2026-01-12T14:57:58.502Z] > command requires scopes: ["email","openid","https://www.googleapis.com/auth/cloudplatformprojects.readonly","https://www.googleapis.com/auth/firebase","https://www.googleapis.com/auth/cloud-platform"]
[debug] [2026-01-12T14:57:58.502Z] > authorizing via signed-in user (dev@automate-me.co)
[debug] [2026-01-12T14:57:58.502Z] Checked if tokens are valid: true, expires at: 1768233476759
[debug] [2026-01-12T14:57:58.502Z] Checked if tokens are valid: true, expires at: 1768233476759
[debug] [2026-01-12T14:57:58.502Z] >>> [apiv2][query] GET https://cloudbilling.googleapis.com/v1/projects/b27-sde/billingInfo [none]
[debug] [2026-01-12T14:57:59.111Z] <<< [apiv2][status] GET https://cloudbilling.googleapis.com/v1/projects/b27-sde/billingInfo 200
[debug] [2026-01-12T14:57:59.111Z] <<< [apiv2][body] GET https://cloudbilling.googleapis.com/v1/projects/b27-sde/billingInfo {"name":"projects/b27-sde/billingInfo","projectId":"b27-sde","billingAccountName":"billingAccounts/01CDFC-64F370-035BE3","billingEnabled":true}
[debug] [2026-01-12T14:57:59.112Z] Checked if tokens are valid: true, expires at: 1768233476759
[debug] [2026-01-12T14:57:59.112Z] Checked if tokens are valid: true, expires at: 1768233476759
[debug] [2026-01-12T14:57:59.112Z] >>> [apiv2][query] GET https://firebaserules.googleapis.com/v1/projects/b27-sde/releases pageSize=10&pageToken=
[debug] [2026-01-12T14:57:59.869Z] <<< [apiv2][status] GET https://firebaserules.googleapis.com/v1/projects/b27-sde/releases 200
[debug] [2026-01-12T14:57:59.870Z] <<< [apiv2][body] GET https://firebaserules.googleapis.com/v1/projects/b27-sde/releases {"releases":[{"name":"projects/b27-sde/releases/cloud.firestore","rulesetName":"projects/b27-sde/rulesets/c841bb99-ad34-423a-955f-b62215290d53","createTime":"2024-10-18T09:12:12.261085Z","updateTime":"2024-10-18T09:12:12.261085Z"}]}
[debug] [2026-01-12T14:57:59.870Z] Checked if tokens are valid: true, expires at: 1768233476759
[debug] [2026-01-12T14:57:59.870Z] Checked if tokens are valid: true, expires at: 1768233476759
[debug] [2026-01-12T14:57:59.870Z] >>> [apiv2][query] GET https://firebaserules.googleapis.com/v1/projects/b27-sde/rulesets/c841bb99-ad34-423a-955f-b62215290d53 [none]
[debug] [2026-01-12T14:58:00.061Z] <<< [apiv2][status] GET https://firebaserules.googleapis.com/v1/projects/b27-sde/rulesets/c841bb99-ad34-423a-955f-b62215290d53 200
[debug] [2026-01-12T14:58:00.061Z] <<< [apiv2][body] GET https://firebaserules.googleapis.com/v1/projects/b27-sde/rulesets/c841bb99-ad34-423a-955f-b62215290d53 [omitted]
[debug] [2026-01-12T15:32:33.823Z] > command requires scopes: ["email","openid","https://www.googleapis.com/auth/cloudplatformprojects.readonly","https://www.googleapis.com/auth/firebase","https://www.googleapis.com/auth/cloud-platform"]
[debug] [2026-01-12T15:32:33.824Z] > authorizing via signed-in user (dev@automate-me.co)
[debug] [2026-01-12T15:32:33.826Z] Checked if tokens are valid: true, expires at: 1768233476759
[debug] [2026-01-12T15:32:33.826Z] Checked if tokens are valid: true, expires at: 1768233476759
[debug] [2026-01-12T15:32:33.826Z] >>> [apiv2][query] GET https://cloudbilling.googleapis.com/v1/projects/b27-sde/billingInfo [none]
[debug] [2026-01-12T15:32:34.115Z] <<< [apiv2][status] GET https://cloudbilling.googleapis.com/v1/projects/b27-sde/billingInfo 200
[debug] [2026-01-12T15:32:34.115Z] <<< [apiv2][body] GET https://cloudbilling.googleapis.com/v1/projects/b27-sde/billingInfo {"name":"projects/b27-sde/billingInfo","projectId":"b27-sde","billingAccountName":"billingAccounts/01CDFC-64F370-035BE3","billingEnabled":true}
[debug] [2026-01-12T15:32:34.116Z] > command requires scopes: ["email","openid","https://www.googleapis.com/auth/cloudplatformprojects.readonly","https://www.googleapis.com/auth/firebase","https://www.googleapis.com/auth/cloud-platform"]
[debug] [2026-01-12T15:32:34.116Z] > authorizing via signed-in user (dev@automate-me.co)
[debug] [2026-01-12T15:32:34.116Z] Checked if tokens are valid: true, expires at: 1768233476759
[debug] [2026-01-12T15:32:34.116Z] Checked if tokens are valid: true, expires at: 1768233476759
[debug] [2026-01-12T15:32:34.116Z] >>> [apiv2][query] GET https://cloudbilling.googleapis.com/v1/projects/b27-sde/billingInfo [none]
[debug] [2026-01-12T15:32:34.311Z] <<< [apiv2][status] GET https://cloudbilling.googleapis.com/v1/projects/b27-sde/billingInfo 200
[debug] [2026-01-12T15:32:34.311Z] <<< [apiv2][body] GET https://cloudbilling.googleapis.com/v1/projects/b27-sde/billingInfo {"name":"projects/b27-sde/billingInfo","projectId":"b27-sde","billingAccountName":"billingAccounts/01CDFC-64F370-035BE3","billingEnabled":true}
[debug] [2026-01-12T15:32:34.312Z] Checked if tokens are valid: true, expires at: 1768233476759
[debug] [2026-01-12T15:32:34.312Z] Checked if tokens are valid: true, expires at: 1768233476759
[debug] [2026-01-12T15:32:34.312Z] >>> [apiv2][query] GET https://cloudresourcemanager.googleapis.com/v1/projects/b27-sde [none]
[debug] [2026-01-12T15:32:35.004Z] <<< [apiv2][status] GET https://cloudresourcemanager.googleapis.com/v1/projects/b27-sde 200
[debug] [2026-01-12T15:32:35.004Z] <<< [apiv2][body] GET https://cloudresourcemanager.googleapis.com/v1/projects/b27-sde {"projectNumber":"896473570568","projectId":"b27-sde","lifecycleState":"ACTIVE","name":"B27-SDE","labels":{"firebase":"enabled"},"createTime":"2024-10-18T09:10:14.745167Z","parent":{"type":"organization","id":"504000794937"}}
[debug] [2026-01-13T08:10:14.844Z] > command requires scopes: ["email","openid","https://www.googleapis.com/auth/cloudplatformprojects.readonly","https://www.googleapis.com/auth/firebase","https://www.googleapis.com/auth/cloud-platform"]
[debug] [2026-01-13T08:10:14.845Z] > authorizing via signed-in user (dev@automate-me.co)
[debug] [2026-01-13T08:10:14.845Z] > command requires scopes: ["email","openid","https://www.googleapis.com/auth/cloudplatformprojects.readonly","https://www.googleapis.com/auth/firebase","https://www.googleapis.com/auth/cloud-platform"]
[debug] [2026-01-13T08:10:14.845Z] > authorizing via signed-in user (dev@automate-me.co)
[debug] [2026-01-13T08:10:14.845Z] Checked if tokens are valid: false, expires at: 1768233476759
[debug] [2026-01-13T08:10:14.846Z] Checked if tokens are valid: false, expires at: 1768233476759
[debug] [2026-01-13T08:10:14.846Z] > refreshing access token with scopes: []
[debug] [2026-01-13T08:10:14.846Z] >>> [apiv2][query] POST https://www.googleapis.com/oauth2/v3/token [none]
[debug] [2026-01-13T08:10:14.846Z] >>> [apiv2][body] POST https://www.googleapis.com/oauth2/v3/token [omitted]
[debug] [2026-01-13T08:10:14.854Z] Checked if tokens are valid: false, expires at: 1768233476759
[debug] [2026-01-13T08:10:14.854Z] Checked if tokens are valid: false, expires at: 1768233476759
[debug] [2026-01-13T08:10:14.854Z] > refreshing access token with scopes: []
[debug] [2026-01-13T08:10:14.854Z] >>> [apiv2][query] POST https://www.googleapis.com/oauth2/v3/token [none]
[debug] [2026-01-13T08:10:14.854Z] >>> [apiv2][body] POST https://www.googleapis.com/oauth2/v3/token [omitted]
[debug] [2026-01-13T08:10:14.855Z] > command requires scopes: ["email","openid","https://www.googleapis.com/auth/cloudplatformprojects.readonly","https://www.googleapis.com/auth/firebase","https://www.googleapis.com/auth/cloud-platform"]
[debug] [2026-01-13T08:10:14.855Z] > authorizing via signed-in user (dev@automate-me.co)
[debug] [2026-01-13T08:10:14.855Z] Checked if tokens are valid: false, expires at: 1768233476759
[debug] [2026-01-13T08:10:14.855Z] Checked if tokens are valid: false, expires at: 1768233476759
[debug] [2026-01-13T08:10:14.855Z] > refreshing access token with scopes: []
[debug] [2026-01-13T08:10:14.855Z] >>> [apiv2][query] POST https://www.googleapis.com/oauth2/v3/token [none]
[debug] [2026-01-13T08:10:14.855Z] >>> [apiv2][body] POST https://www.googleapis.com/oauth2/v3/token [omitted]
[debug] [2026-01-13T08:10:14.941Z] <<< [apiv2][status] POST https://www.googleapis.com/oauth2/v3/token 200
[debug] [2026-01-13T08:10:14.941Z] <<< [apiv2][body] POST https://www.googleapis.com/oauth2/v3/token [omitted]
[debug] [2026-01-13T08:10:14.956Z] >>> [apiv2][query] GET https://cloudbilling.googleapis.com/v1/projects/b27-sde/billingInfo [none]
[debug] [2026-01-13T08:10:14.957Z] <<< [apiv2][status] POST https://www.googleapis.com/oauth2/v3/token 200
[debug] [2026-01-13T08:10:14.957Z] <<< [apiv2][body] POST https://www.googleapis.com/oauth2/v3/token [omitted]
[debug] [2026-01-13T08:10:14.969Z] >>> [apiv2][query] GET https://cloudbilling.googleapis.com/v1/projects/b27-sde/billingInfo [none]
[debug] [2026-01-13T08:10:14.970Z] <<< [apiv2][status] POST https://www.googleapis.com/oauth2/v3/token 200
[debug] [2026-01-13T08:10:14.970Z] <<< [apiv2][body] POST https://www.googleapis.com/oauth2/v3/token [omitted]
[debug] [2026-01-13T08:10:14.980Z] >>> [apiv2][query] GET https://cloudbilling.googleapis.com/v1/projects/b27-sde/billingInfo [none]
[debug] [2026-01-13T08:10:15.230Z] <<< [apiv2][status] GET https://cloudbilling.googleapis.com/v1/projects/b27-sde/billingInfo 200
[debug] [2026-01-13T08:10:15.230Z] <<< [apiv2][body] GET https://cloudbilling.googleapis.com/v1/projects/b27-sde/billingInfo {"name":"projects/b27-sde/billingInfo","projectId":"b27-sde","billingAccountName":"billingAccounts/01CDFC-64F370-035BE3","billingEnabled":true}
[debug] [2026-01-13T08:10:15.235Z] Checked if tokens are valid: true, expires at: 1768295413970
[debug] [2026-01-13T08:10:15.235Z] Checked if tokens are valid: true, expires at: 1768295413970
[debug] [2026-01-13T08:10:15.235Z] Checked if tokens are valid: true, expires at: 1768295413970
[debug] [2026-01-13T08:10:15.235Z] Checked if tokens are valid: true, expires at: 1768295413970
[debug] [2026-01-13T08:10:15.235Z] Checked if tokens are valid: true, expires at: 1768295413970
[debug] [2026-01-13T08:10:15.235Z] Checked if tokens are valid: true, expires at: 1768295413970
[debug] [2026-01-13T08:10:15.236Z] Checked if tokens are valid: true, expires at: 1768295413970
[debug] [2026-01-13T08:10:15.236Z] Checked if tokens are valid: true, expires at: 1768295413970
[debug] [2026-01-13T08:10:15.236Z] Checked if tokens are valid: true, expires at: 1768295413970
[debug] [2026-01-13T08:10:15.236Z] Checked if tokens are valid: true, expires at: 1768295413970
[debug] [2026-01-13T08:10:15.236Z] Checked if tokens are valid: true, expires at: 1768295413970
[debug] [2026-01-13T08:10:15.236Z] Checked if tokens are valid: true, expires at: 1768295413970
[debug] [2026-01-13T08:10:15.236Z] Checked if tokens are valid: true, expires at: 1768295413970
[debug] [2026-01-13T08:10:15.236Z] Checked if tokens are valid: true, expires at: 1768295413970
[debug] [2026-01-13T08:10:15.242Z] Checked if tokens are valid: true, expires at: 1768295413970
[debug] [2026-01-13T08:10:15.242Z] Checked if tokens are valid: true, expires at: 1768295413970
[debug] [2026-01-13T08:10:15.242Z] Checked if tokens are valid: true, expires at: 1768295413970
[debug] [2026-01-13T08:10:15.242Z] Checked if tokens are valid: true, expires at: 1768295413970
[debug] [2026-01-13T08:10:15.243Z] >>> [apiv2][query] GET https://serviceusage.googleapis.com/v1/projects/b27-sde/services/firestore.googleapis.com [none]
[debug] [2026-01-13T08:10:15.243Z] >>> [apiv2][(partial)header] GET https://serviceusage.googleapis.com/v1/projects/b27-sde/services/firestore.googleapis.com x-goog-quota-user=projects/b27-sde
[debug] [2026-01-13T08:10:15.243Z] >>> [apiv2][query] GET https://serviceusage.googleapis.com/v1/projects/b27-sde/services/storage.googleapis.com [none]
[debug] [2026-01-13T08:10:15.243Z] >>> [apiv2][(partial)header] GET https://serviceusage.googleapis.com/v1/projects/b27-sde/services/storage.googleapis.com x-goog-quota-user=projects/b27-sde
[debug] [2026-01-13T08:10:15.244Z] >>> [apiv2][query] GET https://serviceusage.googleapis.com/v1/projects/b27-sde/services/firebasedataconnect.googleapis.com [none]
[debug] [2026-01-13T08:10:15.244Z] >>> [apiv2][(partial)header] GET https://serviceusage.googleapis.com/v1/projects/b27-sde/services/firebasedataconnect.googleapis.com x-goog-quota-user=projects/b27-sde
[debug] [2026-01-13T08:10:15.244Z] >>> [apiv2][query] GET https://serviceusage.googleapis.com/v1/projects/b27-sde/services/identitytoolkit.googleapis.com [none]
[debug] [2026-01-13T08:10:15.244Z] >>> [apiv2][(partial)header] GET https://serviceusage.googleapis.com/v1/projects/b27-sde/services/identitytoolkit.googleapis.com x-goog-quota-user=projects/b27-sde
[debug] [2026-01-13T08:10:15.245Z] >>> [apiv2][query] GET https://serviceusage.googleapis.com/v1/projects/b27-sde/services/fcm.googleapis.com [none]
[debug] [2026-01-13T08:10:15.245Z] >>> [apiv2][(partial)header] GET https://serviceusage.googleapis.com/v1/projects/b27-sde/services/fcm.googleapis.com x-goog-quota-user=projects/b27-sde
[debug] [2026-01-13T08:10:15.245Z] >>> [apiv2][query] GET https://serviceusage.googleapis.com/v1/projects/b27-sde/services/cloudfunctions.googleapis.com [none]
[debug] [2026-01-13T08:10:15.245Z] >>> [apiv2][(partial)header] GET https://serviceusage.googleapis.com/v1/projects/b27-sde/services/cloudfunctions.googleapis.com x-goog-quota-user=projects/b27-sde
[debug] [2026-01-13T08:10:15.246Z] >>> [apiv2][query] GET https://serviceusage.googleapis.com/v1/projects/b27-sde/services/firebaseremoteconfig.googleapis.com [none]
[debug] [2026-01-13T08:10:15.246Z] >>> [apiv2][(partial)header] GET https://serviceusage.googleapis.com/v1/projects/b27-sde/services/firebaseremoteconfig.googleapis.com x-goog-quota-user=projects/b27-sde
[debug] [2026-01-13T08:10:15.246Z] >>> [apiv2][query] GET https://serviceusage.googleapis.com/v1/projects/b27-sde/services/firebaseapphosting.googleapis.com [none]
[debug] [2026-01-13T08:10:15.246Z] >>> [apiv2][(partial)header] GET https://serviceusage.googleapis.com/v1/projects/b27-sde/services/firebaseapphosting.googleapis.com x-goog-quota-user=projects/b27-sde
[debug] [2026-01-13T08:10:15.246Z] >>> [apiv2][query] GET https://serviceusage.googleapis.com/v1/projects/b27-sde/services/firebaseio.com [none]
[debug] [2026-01-13T08:10:15.246Z] >>> [apiv2][(partial)header] GET https://serviceusage.googleapis.com/v1/projects/b27-sde/services/firebaseio.com x-goog-quota-user=projects/b27-sde
[debug] [2026-01-13T08:10:15.253Z] <<< [apiv2][status] GET https://cloudbilling.googleapis.com/v1/projects/b27-sde/billingInfo 200
[debug] [2026-01-13T08:10:15.253Z] <<< [apiv2][body] GET https://cloudbilling.googleapis.com/v1/projects/b27-sde/billingInfo {"name":"projects/b27-sde/billingInfo","projectId":"b27-sde","billingAccountName":"billingAccounts/01CDFC-64F370-035BE3","billingEnabled":true}
[debug] [2026-01-13T08:10:15.254Z] Checked if tokens are valid: true, expires at: 1768295413970
[debug] [2026-01-13T08:10:15.254Z] Checked if tokens are valid: true, expires at: 1768295413970
[debug] [2026-01-13T08:10:15.254Z] Checked if tokens are valid: true, expires at: 1768295413970
[debug] [2026-01-13T08:10:15.254Z] Checked if tokens are valid: true, expires at: 1768295413970
[debug] [2026-01-13T08:10:15.254Z] Checked if tokens are valid: true, expires at: 1768295413970
[debug] [2026-01-13T08:10:15.254Z] Checked if tokens are valid: true, expires at: 1768295413970
[debug] [2026-01-13T08:10:15.254Z] Checked if tokens are valid: true, expires at: 1768295413970
[debug] [2026-01-13T08:10:15.254Z] Checked if tokens are valid: true, expires at: 1768295413970
[debug] [2026-01-13T08:10:15.254Z] Checked if tokens are valid: true, expires at: 1768295413970
[debug] [2026-01-13T08:10:15.254Z] Checked if tokens are valid: true, expires at: 1768295413970
[debug] [2026-01-13T08:10:15.254Z] Checked if tokens are valid: true, expires at: 1768295413970
[debug] [2026-01-13T08:10:15.254Z] Checked if tokens are valid: true, expires at: 1768295413970
[debug] [2026-01-13T08:10:15.254Z] Checked if tokens are valid: true, expires at: 1768295413970
[debug] [2026-01-13T08:10:15.254Z] Checked if tokens are valid: true, expires at: 1768295413970
[debug] [2026-01-13T08:10:15.255Z] Checked if tokens are valid: true, expires at: 1768295413970
[debug] [2026-01-13T08:10:15.255Z] Checked if tokens are valid: true, expires at: 1768295413970
[debug] [2026-01-13T08:10:15.255Z] Checked if tokens are valid: true, expires at: 1768295413970
[debug] [2026-01-13T08:10:15.255Z] Checked if tokens are valid: true, expires at: 1768295413970
[debug] [2026-01-13T08:10:15.256Z] >>> [apiv2][query] GET https://serviceusage.googleapis.com/v1/projects/b27-sde/services/firestore.googleapis.com [none]
[debug] [2026-01-13T08:10:15.256Z] >>> [apiv2][(partial)header] GET https://serviceusage.googleapis.com/v1/projects/b27-sde/services/firestore.googleapis.com x-goog-quota-user=projects/b27-sde
[debug] [2026-01-13T08:10:15.256Z] >>> [apiv2][query] GET https://serviceusage.googleapis.com/v1/projects/b27-sde/services/storage.googleapis.com [none]
[debug] [2026-01-13T08:10:15.256Z] >>> [apiv2][(partial)header] GET https://serviceusage.googleapis.com/v1/projects/b27-sde/services/storage.googleapis.com x-goog-quota-user=projects/b27-sde
[debug] [2026-01-13T08:10:15.256Z] >>> [apiv2][query] GET https://serviceusage.googleapis.com/v1/projects/b27-sde/services/firebasedataconnect.googleapis.com [none]
[debug] [2026-01-13T08:10:15.256Z] >>> [apiv2][(partial)header] GET https://serviceusage.googleapis.com/v1/projects/b27-sde/services/firebasedataconnect.googleapis.com x-goog-quota-user=projects/b27-sde
[debug] [2026-01-13T08:10:15.256Z] >>> [apiv2][query] GET https://serviceusage.googleapis.com/v1/projects/b27-sde/services/identitytoolkit.googleapis.com [none]
[debug] [2026-01-13T08:10:15.256Z] >>> [apiv2][(partial)header] GET https://serviceusage.googleapis.com/v1/projects/b27-sde/services/identitytoolkit.googleapis.com x-goog-quota-user=projects/b27-sde
[debug] [2026-01-13T08:10:15.257Z] >>> [apiv2][query] GET https://serviceusage.googleapis.com/v1/projects/b27-sde/services/fcm.googleapis.com [none]
[debug] [2026-01-13T08:10:15.257Z] >>> [apiv2][(partial)header] GET https://serviceusage.googleapis.com/v1/projects/b27-sde/services/fcm.googleapis.com x-goog-quota-user=projects/b27-sde
[debug] [2026-01-13T08:10:15.257Z] >>> [apiv2][query] GET https://serviceusage.googleapis.com/v1/projects/b27-sde/services/cloudfunctions.googleapis.com [none]
[debug] [2026-01-13T08:10:15.257Z] >>> [apiv2][(partial)header] GET https://serviceusage.googleapis.com/v1/projects/b27-sde/services/cloudfunctions.googleapis.com x-goog-quota-user=projects/b27-sde
[debug] [2026-01-13T08:10:15.257Z] >>> [apiv2][query] GET https://serviceusage.googleapis.com/v1/projects/b27-sde/services/firebaseremoteconfig.googleapis.com [none]
[debug] [2026-01-13T08:10:15.257Z] >>> [apiv2][(partial)header] GET https://serviceusage.googleapis.com/v1/projects/b27-sde/services/firebaseremoteconfig.googleapis.com x-goog-quota-user=projects/b27-sde
[debug] [2026-01-13T08:10:15.257Z] >>> [apiv2][query] GET https://serviceusage.googleapis.com/v1/projects/b27-sde/services/firebaseapphosting.googleapis.com [none]
[debug] [2026-01-13T08:10:15.258Z] >>> [apiv2][(partial)header] GET https://serviceusage.googleapis.com/v1/projects/b27-sde/services/firebaseapphosting.googleapis.com x-goog-quota-user=projects/b27-sde
[debug] [2026-01-13T08:10:15.258Z] >>> [apiv2][query] GET https://serviceusage.googleapis.com/v1/projects/b27-sde/services/firebaseio.com [none]
[debug] [2026-01-13T08:10:15.258Z] >>> [apiv2][(partial)header] GET https://serviceusage.googleapis.com/v1/projects/b27-sde/services/firebaseio.com x-goog-quota-user=projects/b27-sde
[debug] [2026-01-13T08:10:15.262Z] <<< [apiv2][status] GET https://cloudbilling.googleapis.com/v1/projects/b27-sde/billingInfo 200
[debug] [2026-01-13T08:10:15.262Z] <<< [apiv2][body] GET https://cloudbilling.googleapis.com/v1/projects/b27-sde/billingInfo {"name":"projects/b27-sde/billingInfo","projectId":"b27-sde","billingAccountName":"billingAccounts/01CDFC-64F370-035BE3","billingEnabled":true}
[debug] [2026-01-13T08:10:15.262Z] Checked if tokens are valid: true, expires at: 1768295413970
[debug] [2026-01-13T08:10:15.262Z] Checked if tokens are valid: true, expires at: 1768295413970
[debug] [2026-01-13T08:10:15.262Z] Checked if tokens are valid: true, expires at: 1768295413970
[debug] [2026-01-13T08:10:15.262Z] Checked if tokens are valid: true, expires at: 1768295413970
[debug] [2026-01-13T08:10:15.262Z] Checked if tokens are valid: true, expires at: 1768295413970
[debug] [2026-01-13T08:10:15.262Z] Checked if tokens are valid: true, expires at: 1768295413970
[debug] [2026-01-13T08:10:15.263Z] Checked if tokens are valid: true, expires at: 1768295413970
[debug] [2026-01-13T08:10:15.263Z] Checked if tokens are valid: true, expires at: 1768295413970
[debug] [2026-01-13T08:10:15.263Z] Checked if tokens are valid: true, expires at: 1768295413970
[debug] [2026-01-13T08:10:15.263Z] Checked if tokens are valid: true, expires at: 1768295413970
[debug] [2026-01-13T08:10:15.263Z] Checked if tokens are valid: true, expires at: 1768295413970
[debug] [2026-01-13T08:10:15.263Z] Checked if tokens are valid: true, expires at: 1768295413970
[debug] [2026-01-13T08:10:15.263Z] Checked if tokens are valid: true, expires at: 1768295413970
[debug] [2026-01-13T08:10:15.263Z] Checked if tokens are valid: true, expires at: 1768295413970
[debug] [2026-01-13T08:10:15.264Z] Checked if tokens are valid: true, expires at: 1768295413970
[debug] [2026-01-13T08:10:15.264Z] Checked if tokens are valid: true, expires at: 1768295413970
[debug] [2026-01-13T08:10:15.264Z] Checked if tokens are valid: true, expires at: 1768295413970
[debug] [2026-01-13T08:10:15.264Z] Checked if tokens are valid: true, expires at: 1768295413970
[debug] [2026-01-13T08:10:15.264Z] >>> [apiv2][query] GET https://serviceusage.googleapis.com/v1/projects/b27-sde/services/firestore.googleapis.com [none]
[debug] [2026-01-13T08:10:15.264Z] >>> [apiv2][(partial)header] GET https://serviceusage.googleapis.com/v1/projects/b27-sde/services/firestore.googleapis.com x-goog-quota-user=projects/b27-sde
[debug] [2026-01-13T08:10:15.264Z] >>> [apiv2][query] GET https://serviceusage.googleapis.com/v1/projects/b27-sde/services/storage.googleapis.com [none]
[debug] [2026-01-13T08:10:15.264Z] >>> [apiv2][(partial)header] GET https://serviceusage.googleapis.com/v1/projects/b27-sde/services/storage.googleapis.com x-goog-quota-user=projects/b27-sde
[debug] [2026-01-13T08:10:15.264Z] >>> [apiv2][query] GET https://serviceusage.googleapis.com/v1/projects/b27-sde/services/firebasedataconnect.googleapis.com [none]
[debug] [2026-01-13T08:10:15.264Z] >>> [apiv2][(partial)header] GET https://serviceusage.googleapis.com/v1/projects/b27-sde/services/firebasedataconnect.googleapis.com x-goog-quota-user=projects/b27-sde
[debug] [2026-01-13T08:10:15.265Z] >>> [apiv2][query] GET https://serviceusage.googleapis.com/v1/projects/b27-sde/services/identitytoolkit.googleapis.com [none]
[debug] [2026-01-13T08:10:15.265Z] >>> [apiv2][(partial)header] GET https://serviceusage.googleapis.com/v1/projects/b27-sde/services/identitytoolkit.googleapis.com x-goog-quota-user=projects/b27-sde
[debug] [2026-01-13T08:10:15.265Z] >>> [apiv2][query] GET https://serviceusage.googleapis.com/v1/projects/b27-sde/services/fcm.googleapis.com [none]
[debug] [2026-01-13T08:10:15.265Z] >>> [apiv2][(partial)header] GET https://serviceusage.googleapis.com/v1/projects/b27-sde/services/fcm.googleapis.com x-goog-quota-user=projects/b27-sde
[debug] [2026-01-13T08:10:15.265Z] >>> [apiv2][query] GET https://serviceusage.googleapis.com/v1/projects/b27-sde/services/cloudfunctions.googleapis.com [none]
[debug] [2026-01-13T08:10:15.265Z] >>> [apiv2][(partial)header] GET https://serviceusage.googleapis.com/v1/projects/b27-sde/services/cloudfunctions.googleapis.com x-goog-quota-user=projects/b27-sde
[debug] [2026-01-13T08:10:15.265Z] >>> [apiv2][query] GET https://serviceusage.googleapis.com/v1/projects/b27-sde/services/firebaseremoteconfig.googleapis.com [none]
[debug] [2026-01-13T08:10:15.265Z] >>> [apiv2][(partial)header] GET https://serviceusage.googleapis.com/v1/projects/b27-sde/services/firebaseremoteconfig.googleapis.com x-goog-quota-user=projects/b27-sde
[debug] [2026-01-13T08:10:15.265Z] >>> [apiv2][query] GET https://serviceusage.googleapis.com/v1/projects/b27-sde/services/firebaseapphosting.googleapis.com [none]
[debug] [2026-01-13T08:10:15.265Z] >>> [apiv2][(partial)header] GET https://serviceusage.googleapis.com/v1/projects/b27-sde/services/firebaseapphosting.googleapis.com x-goog-quota-user=projects/b27-sde
[debug] [2026-01-13T08:10:15.266Z] >>> [apiv2][query] GET https://serviceusage.googleapis.com/v1/projects/b27-sde/services/firebaseio.com [none]
[debug] [2026-01-13T08:10:15.266Z] >>> [apiv2][(partial)header] GET https://serviceusage.googleapis.com/v1/projects/b27-sde/services/firebaseio.com x-goog-quota-user=projects/b27-sde
[debug] [2026-01-13T08:10:15.919Z] <<< [apiv2][status] GET https://serviceusage.googleapis.com/v1/projects/b27-sde/services/firebaseio.com 403
[debug] [2026-01-13T08:10:15.919Z] <<< [apiv2][body] GET https://serviceusage.googleapis.com/v1/projects/b27-sde/services/firebaseio.com [omitted]
[debug] [2026-01-13T08:10:16.179Z] <<< [apiv2][status] GET https://serviceusage.googleapis.com/v1/projects/b27-sde/services/firebaseremoteconfig.googleapis.com 200
[debug] [2026-01-13T08:10:16.179Z] <<< [apiv2][body] GET https://serviceusage.googleapis.com/v1/projects/b27-sde/services/firebaseremoteconfig.googleapis.com [omitted]
[debug] [2026-01-13T08:10:16.189Z] <<< [apiv2][status] GET https://serviceusage.googleapis.com/v1/projects/b27-sde/services/fcm.googleapis.com 200
[debug] [2026-01-13T08:10:16.189Z] <<< [apiv2][body] GET https://serviceusage.googleapis.com/v1/projects/b27-sde/services/fcm.googleapis.com [omitted]
[debug] [2026-01-13T08:10:16.196Z] <<< [apiv2][status] GET https://serviceusage.googleapis.com/v1/projects/b27-sde/services/firebasedataconnect.googleapis.com 200
[debug] [2026-01-13T08:10:16.196Z] <<< [apiv2][body] GET https://serviceusage.googleapis.com/v1/projects/b27-sde/services/firebasedataconnect.googleapis.com [omitted]
[debug] [2026-01-13T08:10:16.197Z] <<< [apiv2][status] GET https://serviceusage.googleapis.com/v1/projects/b27-sde/services/firebaseapphosting.googleapis.com 200
[debug] [2026-01-13T08:10:16.197Z] <<< [apiv2][body] GET https://serviceusage.googleapis.com/v1/projects/b27-sde/services/firebaseapphosting.googleapis.com [omitted]
[debug] [2026-01-13T08:10:16.198Z] <<< [apiv2][status] GET https://serviceusage.googleapis.com/v1/projects/b27-sde/services/firestore.googleapis.com 200
[debug] [2026-01-13T08:10:16.198Z] <<< [apiv2][body] GET https://serviceusage.googleapis.com/v1/projects/b27-sde/services/firestore.googleapis.com [omitted]
[debug] [2026-01-13T08:10:16.204Z] <<< [apiv2][status] GET https://serviceusage.googleapis.com/v1/projects/b27-sde/services/identitytoolkit.googleapis.com 200
[debug] [2026-01-13T08:10:16.204Z] <<< [apiv2][body] GET https://serviceusage.googleapis.com/v1/projects/b27-sde/services/identitytoolkit.googleapis.com [omitted]
[debug] [2026-01-13T08:10:16.211Z] <<< [apiv2][status] GET https://serviceusage.googleapis.com/v1/projects/b27-sde/services/cloudfunctions.googleapis.com 200
[debug] [2026-01-13T08:10:16.211Z] <<< [apiv2][body] GET https://serviceusage.googleapis.com/v1/projects/b27-sde/services/cloudfunctions.googleapis.com [omitted]
[debug] [2026-01-13T08:10:16.212Z] <<< [apiv2][status] GET https://serviceusage.googleapis.com/v1/projects/b27-sde/services/storage.googleapis.com 200
[debug] [2026-01-13T08:10:16.212Z] <<< [apiv2][body] GET https://serviceusage.googleapis.com/v1/projects/b27-sde/services/storage.googleapis.com [omitted]
[debug] [2026-01-13T08:10:16.495Z] <<< [apiv2][status] GET https://serviceusage.googleapis.com/v1/projects/b27-sde/services/firebaseio.com 403
[debug] [2026-01-13T08:10:16.495Z] <<< [apiv2][body] GET https://serviceusage.googleapis.com/v1/projects/b27-sde/services/firebaseio.com [omitted]
[debug] [2026-01-13T08:10:16.495Z] <<< [apiv2][status] GET https://serviceusage.googleapis.com/v1/projects/b27-sde/services/firebaseio.com 403
[debug] [2026-01-13T08:10:16.495Z] <<< [apiv2][body] GET https://serviceusage.googleapis.com/v1/projects/b27-sde/services/firebaseio.com [omitted]
[debug] [2026-01-13T08:10:16.865Z] <<< [apiv2][status] GET https://serviceusage.googleapis.com/v1/projects/b27-sde/services/firebaseapphosting.googleapis.com 200
[debug] [2026-01-13T08:10:16.865Z] <<< [apiv2][body] GET https://serviceusage.googleapis.com/v1/projects/b27-sde/services/firebaseapphosting.googleapis.com [omitted]
[debug] [2026-01-13T08:10:16.875Z] <<< [apiv2][status] GET https://serviceusage.googleapis.com/v1/projects/b27-sde/services/fcm.googleapis.com 200
[debug] [2026-01-13T08:10:16.876Z] <<< [apiv2][body] GET https://serviceusage.googleapis.com/v1/projects/b27-sde/services/fcm.googleapis.com [omitted]
[debug] [2026-01-13T08:10:16.884Z] <<< [apiv2][status] GET https://serviceusage.googleapis.com/v1/projects/b27-sde/services/firebaseapphosting.googleapis.com 200
[debug] [2026-01-13T08:10:16.885Z] <<< [apiv2][body] GET https://serviceusage.googleapis.com/v1/projects/b27-sde/services/firebaseapphosting.googleapis.com [omitted]
[debug] [2026-01-13T08:10:16.885Z] <<< [apiv2][status] GET https://serviceusage.googleapis.com/v1/projects/b27-sde/services/firebasedataconnect.googleapis.com 200
[debug] [2026-01-13T08:10:16.885Z] <<< [apiv2][body] GET https://serviceusage.googleapis.com/v1/projects/b27-sde/services/firebasedataconnect.googleapis.com [omitted]
[debug] [2026-01-13T08:10:16.885Z] <<< [apiv2][status] GET https://serviceusage.googleapis.com/v1/projects/b27-sde/services/firestore.googleapis.com 200
[debug] [2026-01-13T08:10:16.885Z] <<< [apiv2][body] GET https://serviceusage.googleapis.com/v1/projects/b27-sde/services/firestore.googleapis.com [omitted]
[debug] [2026-01-13T08:10:16.893Z] <<< [apiv2][status] GET https://serviceusage.googleapis.com/v1/projects/b27-sde/services/firebaseremoteconfig.googleapis.com 200
[debug] [2026-01-13T08:10:16.893Z] <<< [apiv2][body] GET https://serviceusage.googleapis.com/v1/projects/b27-sde/services/firebaseremoteconfig.googleapis.com [omitted]
[debug] [2026-01-13T08:10:16.900Z] <<< [apiv2][status] GET https://serviceusage.googleapis.com/v1/projects/b27-sde/services/cloudfunctions.googleapis.com 200
[debug] [2026-01-13T08:10:16.900Z] <<< [apiv2][body] GET https://serviceusage.googleapis.com/v1/projects/b27-sde/services/cloudfunctions.googleapis.com [omitted]
[debug] [2026-01-13T08:10:16.900Z] <<< [apiv2][status] GET https://serviceusage.googleapis.com/v1/projects/b27-sde/services/fcm.googleapis.com 200
[debug] [2026-01-13T08:10:16.901Z] <<< [apiv2][body] GET https://serviceusage.googleapis.com/v1/projects/b27-sde/services/fcm.googleapis.com [omitted]
[debug] [2026-01-13T08:10:16.908Z] <<< [apiv2][status] GET https://serviceusage.googleapis.com/v1/projects/b27-sde/services/identitytoolkit.googleapis.com 200
[debug] [2026-01-13T08:10:16.908Z] <<< [apiv2][body] GET https://serviceusage.googleapis.com/v1/projects/b27-sde/services/identitytoolkit.googleapis.com [omitted]
[debug] [2026-01-13T08:10:16.914Z] <<< [apiv2][status] GET https://serviceusage.googleapis.com/v1/projects/b27-sde/services/firebaseremoteconfig.googleapis.com 200
[debug] [2026-01-13T08:10:16.914Z] <<< [apiv2][body] GET https://serviceusage.googleapis.com/v1/projects/b27-sde/services/firebaseremoteconfig.googleapis.com [omitted]
[debug] [2026-01-13T08:10:16.920Z] <<< [apiv2][status] GET https://serviceusage.googleapis.com/v1/projects/b27-sde/services/firebasedataconnect.googleapis.com 200
[debug] [2026-01-13T08:10:16.920Z] <<< [apiv2][body] GET https://serviceusage.googleapis.com/v1/projects/b27-sde/services/firebasedataconnect.googleapis.com [omitted]
[debug] [2026-01-13T08:10:16.928Z] <<< [apiv2][status] GET https://serviceusage.googleapis.com/v1/projects/b27-sde/services/cloudfunctions.googleapis.com 200
[debug] [2026-01-13T08:10:16.928Z] <<< [apiv2][body] GET https://serviceusage.googleapis.com/v1/projects/b27-sde/services/cloudfunctions.googleapis.com [omitted]
[debug] [2026-01-13T08:10:16.932Z] <<< [apiv2][status] GET https://serviceusage.googleapis.com/v1/projects/b27-sde/services/storage.googleapis.com 200
[debug] [2026-01-13T08:10:16.932Z] <<< [apiv2][body] GET https://serviceusage.googleapis.com/v1/projects/b27-sde/services/storage.googleapis.com [omitted]
[debug] [2026-01-13T08:10:16.938Z] <<< [apiv2][status] GET https://serviceusage.googleapis.com/v1/projects/b27-sde/services/identitytoolkit.googleapis.com 200
[debug] [2026-01-13T08:10:16.938Z] <<< [apiv2][body] GET https://serviceusage.googleapis.com/v1/projects/b27-sde/services/identitytoolkit.googleapis.com [omitted]
[debug] [2026-01-13T08:10:16.964Z] <<< [apiv2][status] GET https://serviceusage.googleapis.com/v1/projects/b27-sde/services/firestore.googleapis.com 200
[debug] [2026-01-13T08:10:16.964Z] <<< [apiv2][body] GET https://serviceusage.googleapis.com/v1/projects/b27-sde/services/firestore.googleapis.com [omitted]
[debug] [2026-01-13T08:10:16.970Z] > command requires scopes: ["email","openid","https://www.googleapis.com/auth/cloudplatformprojects.readonly","https://www.googleapis.com/auth/firebase","https://www.googleapis.com/auth/cloud-platform"]
[debug] [2026-01-13T08:10:16.970Z] > authorizing via signed-in user (dev@automate-me.co)
[debug] [2026-01-13T08:10:16.970Z] Checked if tokens are valid: true, expires at: 1768295413970
[debug] [2026-01-13T08:10:16.970Z] Checked if tokens are valid: true, expires at: 1768295413970
[debug] [2026-01-13T08:10:16.971Z] >>> [apiv2][query] GET https://cloudbilling.googleapis.com/v1/projects/b27-sde/billingInfo [none]
[debug] [2026-01-13T08:10:16.971Z] <<< [apiv2][status] GET https://serviceusage.googleapis.com/v1/projects/b27-sde/services/storage.googleapis.com 200
[debug] [2026-01-13T08:10:16.971Z] <<< [apiv2][body] GET https://serviceusage.googleapis.com/v1/projects/b27-sde/services/storage.googleapis.com [omitted]
[debug] [2026-01-13T08:10:16.977Z] > command requires scopes: ["email","openid","https://www.googleapis.com/auth/cloudplatformprojects.readonly","https://www.googleapis.com/auth/firebase","https://www.googleapis.com/auth/cloud-platform"]
[debug] [2026-01-13T08:10:16.977Z] > authorizing via signed-in user (dev@automate-me.co)
[debug] [2026-01-13T08:10:16.977Z] Checked if tokens are valid: true, expires at: 1768295413970
[debug] [2026-01-13T08:10:16.977Z] Checked if tokens are valid: true, expires at: 1768295413970
[debug] [2026-01-13T08:10:16.977Z] >>> [apiv2][query] GET https://cloudbilling.googleapis.com/v1/projects/b27-sde/billingInfo [none]
[debug] [2026-01-13T08:10:17.246Z] <<< [apiv2][status] GET https://cloudbilling.googleapis.com/v1/projects/b27-sde/billingInfo 200
[debug] [2026-01-13T08:10:17.246Z] <<< [apiv2][body] GET https://cloudbilling.googleapis.com/v1/projects/b27-sde/billingInfo {"name":"projects/b27-sde/billingInfo","projectId":"b27-sde","billingAccountName":"billingAccounts/01CDFC-64F370-035BE3","billingEnabled":true}
[debug] [2026-01-13T08:10:17.246Z] > command requires scopes: ["email","openid","https://www.googleapis.com/auth/cloudplatformprojects.readonly","https://www.googleapis.com/auth/firebase","https://www.googleapis.com/auth/cloud-platform"]
[debug] [2026-01-13T08:10:17.246Z] > authorizing via signed-in user (dev@automate-me.co)
[debug] [2026-01-13T08:10:17.251Z] <<< [apiv2][status] GET https://cloudbilling.googleapis.com/v1/projects/b27-sde/billingInfo 200
[debug] [2026-01-13T08:10:17.251Z] <<< [apiv2][body] GET https://cloudbilling.googleapis.com/v1/projects/b27-sde/billingInfo {"name":"projects/b27-sde/billingInfo","projectId":"b27-sde","billingAccountName":"billingAccounts/01CDFC-64F370-035BE3","billingEnabled":true}
[debug] [2026-01-13T08:10:17.252Z] > command requires scopes: ["email","openid","https://www.googleapis.com/auth/cloudplatformprojects.readonly","https://www.googleapis.com/auth/firebase","https://www.googleapis.com/auth/cloud-platform"]
[debug] [2026-01-13T08:10:17.252Z] > authorizing via signed-in user (dev@automate-me.co)
[debug] [2026-01-20T08:40:43.407Z] > command requires scopes: ["email","openid","https://www.googleapis.com/auth/cloudplatformprojects.readonly","https://www.googleapis.com/auth/firebase","https://www.googleapis.com/auth/cloud-platform"]
[debug] [2026-01-20T08:40:43.408Z] > authorizing via signed-in user (dev@automate-me.co)
[debug] [2026-01-20T08:40:43.408Z] > command requires scopes: ["email","openid","https://www.googleapis.com/auth/cloudplatformprojects.readonly","https://www.googleapis.com/auth/firebase","https://www.googleapis.com/auth/cloud-platform"]
[debug] [2026-01-20T08:40:43.408Z] > authorizing via signed-in user (dev@automate-me.co)
[debug] [2026-01-20T08:40:43.409Z] Checked if tokens are valid: false, expires at: 1768424088028
[debug] [2026-01-20T08:40:43.409Z] Checked if tokens are valid: false, expires at: 1768424088028
[debug] [2026-01-20T08:40:43.409Z] > refreshing access token with scopes: []
[debug] [2026-01-20T08:40:43.409Z] >>> [apiv2][query] POST https://www.googleapis.com/oauth2/v3/token [none]
[debug] [2026-01-20T08:40:43.409Z] >>> [apiv2][body] POST https://www.googleapis.com/oauth2/v3/token [omitted]
[debug] [2026-01-20T08:40:43.418Z] Checked if tokens are valid: false, expires at: 1768424088028
[debug] [2026-01-20T08:40:43.418Z] Checked if tokens are valid: false, expires at: 1768424088028
[debug] [2026-01-20T08:40:43.418Z] > refreshing access token with scopes: []
[debug] [2026-01-20T08:40:43.418Z] >>> [apiv2][query] POST https://www.googleapis.com/oauth2/v3/token [none]
[debug] [2026-01-20T08:40:43.418Z] >>> [apiv2][body] POST https://www.googleapis.com/oauth2/v3/token [omitted]
[debug] [2026-01-20T08:40:43.418Z] > command requires scopes: ["email","openid","https://www.googleapis.com/auth/cloudplatformprojects.readonly","https://www.googleapis.com/auth/firebase","https://www.googleapis.com/auth/cloud-platform"]
[debug] [2026-01-20T08:40:43.418Z] > authorizing via signed-in user (dev@automate-me.co)
[debug] [2026-01-20T08:40:43.418Z] Checked if tokens are valid: false, expires at: 1768424088028
[debug] [2026-01-20T08:40:43.418Z] Checked if tokens are valid: false, expires at: 1768424088028
[debug] [2026-01-20T08:40:43.418Z] > refreshing access token with scopes: []
[debug] [2026-01-20T08:40:43.418Z] >>> [apiv2][query] POST https://www.googleapis.com/oauth2/v3/token [none]
[debug] [2026-01-20T08:40:43.418Z] >>> [apiv2][body] POST https://www.googleapis.com/oauth2/v3/token [omitted]
[debug] [2026-01-20T08:40:43.514Z] <<< [apiv2][status] POST https://www.googleapis.com/oauth2/v3/token 200
[debug] [2026-01-20T08:40:43.514Z] <<< [apiv2][body] POST https://www.googleapis.com/oauth2/v3/token [omitted]
[debug] [2026-01-20T08:40:43.525Z] >>> [apiv2][query] GET https://cloudbilling.googleapis.com/v1/projects/b27-sde/billingInfo [none]
[debug] [2026-01-20T08:40:43.528Z] <<< [apiv2][status] POST https://www.googleapis.com/oauth2/v3/token 200
[debug] [2026-01-20T08:40:43.528Z] <<< [apiv2][body] POST https://www.googleapis.com/oauth2/v3/token [omitted]
[debug] [2026-01-20T08:40:43.539Z] >>> [apiv2][query] GET https://cloudbilling.googleapis.com/v1/projects/b27-sde/billingInfo [none]
[debug] [2026-01-20T08:40:43.540Z] <<< [apiv2][status] POST https://www.googleapis.com/oauth2/v3/token 200
[debug] [2026-01-20T08:40:43.540Z] <<< [apiv2][body] POST https://www.googleapis.com/oauth2/v3/token [omitted]
[debug] [2026-01-20T08:40:43.550Z] >>> [apiv2][query] GET https://cloudbilling.googleapis.com/v1/projects/b27-sde/billingInfo [none]
[debug] [2026-01-20T08:40:43.802Z] <<< [apiv2][status] GET https://cloudbilling.googleapis.com/v1/projects/b27-sde/billingInfo 200
[debug] [2026-01-20T08:40:43.803Z] <<< [apiv2][body] GET https://cloudbilling.googleapis.com/v1/projects/b27-sde/billingInfo {"name":"projects/b27-sde/billingInfo","projectId":"b27-sde","billingAccountName":"billingAccounts/01CDFC-64F370-035BE3","billingEnabled":true}
[debug] [2026-01-20T08:40:43.805Z] Checked if tokens are valid: true, expires at: 1768902042540
[debug] [2026-01-20T08:40:43.805Z] Checked if tokens are valid: true, expires at: 1768902042540
[debug] [2026-01-20T08:40:43.805Z] Checked if tokens are valid: true, expires at: 1768902042540
[debug] [2026-01-20T08:40:43.805Z] Checked if tokens are valid: true, expires at: 1768902042540
[debug] [2026-01-20T08:40:43.809Z] Checked if tokens are valid: true, expires at: 1768902042540
[debug] [2026-01-20T08:40:43.809Z] Checked if tokens are valid: true, expires at: 1768902042540
[debug] [2026-01-20T08:40:43.809Z] Checked if tokens are valid: true, expires at: 1768902042540
[debug] [2026-01-20T08:40:43.809Z] Checked if tokens are valid: true, expires at: 1768902042540
[debug] [2026-01-20T08:40:43.809Z] >>> [apiv2][query] GET https://serviceusage.googleapis.com/v1/projects/b27-sde/services/firebasedataconnect.googleapis.com [none]
[debug] [2026-01-20T08:40:43.809Z] >>> [apiv2][(partial)header] GET https://serviceusage.googleapis.com/v1/projects/b27-sde/services/firebasedataconnect.googleapis.com x-goog-quota-user=projects/b27-sde
[debug] [2026-01-20T08:40:43.809Z] >>> [apiv2][query] GET https://serviceusage.googleapis.com/v1/projects/b27-sde/services/cloudfunctions.googleapis.com [none]
[debug] [2026-01-20T08:40:43.809Z] >>> [apiv2][(partial)header] GET https://serviceusage.googleapis.com/v1/projects/b27-sde/services/cloudfunctions.googleapis.com x-goog-quota-user=projects/b27-sde
[debug] [2026-01-20T08:40:43.809Z] >>> [apiv2][query] GET https://serviceusage.googleapis.com/v1/projects/b27-sde/services/firebaseapphosting.googleapis.com [none]
[debug] [2026-01-20T08:40:43.809Z] >>> [apiv2][(partial)header] GET https://serviceusage.googleapis.com/v1/projects/b27-sde/services/firebaseapphosting.googleapis.com x-goog-quota-user=projects/b27-sde
[debug] [2026-01-20T08:40:43.810Z] >>> [apiv2][query] GET https://serviceusage.googleapis.com/v1/projects/b27-sde/services/firebaseio.com [none]
[debug] [2026-01-20T08:40:43.810Z] >>> [apiv2][(partial)header] GET https://serviceusage.googleapis.com/v1/projects/b27-sde/services/firebaseio.com x-goog-quota-user=projects/b27-sde
[debug] [2026-01-20T08:40:43.983Z] <<< [apiv2][status] GET https://cloudbilling.googleapis.com/v1/projects/b27-sde/billingInfo 200
[debug] [2026-01-20T08:40:43.983Z] <<< [apiv2][body] GET https://cloudbilling.googleapis.com/v1/projects/b27-sde/billingInfo {"name":"projects/b27-sde/billingInfo","projectId":"b27-sde","billingAccountName":"billingAccounts/01CDFC-64F370-035BE3","billingEnabled":true}
[debug] [2026-01-20T08:40:43.983Z] Checked if tokens are valid: true, expires at: 1768902042540
[debug] [2026-01-20T08:40:43.983Z] Checked if tokens are valid: true, expires at: 1768902042540
[debug] [2026-01-20T08:40:43.983Z] Checked if tokens are valid: true, expires at: 1768902042540
[debug] [2026-01-20T08:40:43.983Z] Checked if tokens are valid: true, expires at: 1768902042540
[debug] [2026-01-20T08:40:43.985Z] Checked if tokens are valid: true, expires at: 1768902042540
[debug] [2026-01-20T08:40:43.985Z] Checked if tokens are valid: true, expires at: 1768902042540
[debug] [2026-01-20T08:40:43.985Z] Checked if tokens are valid: true, expires at: 1768902042540
[debug] [2026-01-20T08:40:43.985Z] Checked if tokens are valid: true, expires at: 1768902042540
[debug] [2026-01-20T08:40:43.985Z] >>> [apiv2][query] GET https://serviceusage.googleapis.com/v1/projects/b27-sde/services/firebasedataconnect.googleapis.com [none]
[debug] [2026-01-20T08:40:43.985Z] >>> [apiv2][(partial)header] GET https://serviceusage.googleapis.com/v1/projects/b27-sde/services/firebasedataconnect.googleapis.com x-goog-quota-user=projects/b27-sde
[debug] [2026-01-20T08:40:43.985Z] >>> [apiv2][query] GET https://serviceusage.googleapis.com/v1/projects/b27-sde/services/cloudfunctions.googleapis.com [none]
[debug] [2026-01-20T08:40:43.985Z] >>> [apiv2][(partial)header] GET https://serviceusage.googleapis.com/v1/projects/b27-sde/services/cloudfunctions.googleapis.com x-goog-quota-user=projects/b27-sde
[debug] [2026-01-20T08:40:43.985Z] >>> [apiv2][query] GET https://serviceusage.googleapis.com/v1/projects/b27-sde/services/firebaseapphosting.googleapis.com [none]
[debug] [2026-01-20T08:40:43.986Z] >>> [apiv2][(partial)header] GET https://serviceusage.googleapis.com/v1/projects/b27-sde/services/firebaseapphosting.googleapis.com x-goog-quota-user=projects/b27-sde
[debug] [2026-01-20T08:40:43.986Z] >>> [apiv2][query] GET https://serviceusage.googleapis.com/v1/projects/b27-sde/services/firebaseio.com [none]
[debug] [2026-01-20T08:40:43.986Z] >>> [apiv2][(partial)header] GET https://serviceusage.googleapis.com/v1/projects/b27-sde/services/firebaseio.com x-goog-quota-user=projects/b27-sde
[debug] [2026-01-20T08:40:44.079Z] <<< [apiv2][status] GET https://cloudbilling.googleapis.com/v1/projects/b27-sde/billingInfo 200
[debug] [2026-01-20T08:40:44.079Z] <<< [apiv2][body] GET https://cloudbilling.googleapis.com/v1/projects/b27-sde/billingInfo {"name":"projects/b27-sde/billingInfo","projectId":"b27-sde","billingAccountName":"billingAccounts/01CDFC-64F370-035BE3","billingEnabled":true}
[debug] [2026-01-20T08:40:44.079Z] Checked if tokens are valid: true, expires at: 1768902042540
[debug] [2026-01-20T08:40:44.079Z] Checked if tokens are valid: true, expires at: 1768902042540
[debug] [2026-01-20T08:40:44.079Z] Checked if tokens are valid: true, expires at: 1768902042540
[debug] [2026-01-20T08:40:44.079Z] Checked if tokens are valid: true, expires at: 1768902042540
[debug] [2026-01-20T08:40:44.080Z] Checked if tokens are valid: true, expires at: 1768902042540
[debug] [2026-01-20T08:40:44.080Z] Checked if tokens are valid: true, expires at: 1768902042540
[debug] [2026-01-20T08:40:44.080Z] Checked if tokens are valid: true, expires at: 1768902042540
[debug] [2026-01-20T08:40:44.080Z] Checked if tokens are valid: true, expires at: 1768902042540
[debug] [2026-01-20T08:40:44.080Z] >>> [apiv2][query] GET https://serviceusage.googleapis.com/v1/projects/b27-sde/services/firebasedataconnect.googleapis.com [none]
[debug] [2026-01-20T08:40:44.080Z] >>> [apiv2][(partial)header] GET https://serviceusage.googleapis.com/v1/projects/b27-sde/services/firebasedataconnect.googleapis.com x-goog-quota-user=projects/b27-sde
[debug] [2026-01-20T08:40:44.081Z] >>> [apiv2][query] GET https://serviceusage.googleapis.com/v1/projects/b27-sde/services/cloudfunctions.googleapis.com [none]
[debug] [2026-01-20T08:40:44.081Z] >>> [apiv2][(partial)header] GET https://serviceusage.googleapis.com/v1/projects/b27-sde/services/cloudfunctions.googleapis.com x-goog-quota-user=projects/b27-sde
[debug] [2026-01-20T08:40:44.081Z] >>> [apiv2][query] GET https://serviceusage.googleapis.com/v1/projects/b27-sde/services/firebaseapphosting.googleapis.com [none]
[debug] [2026-01-20T08:40:44.081Z] >>> [apiv2][(partial)header] GET https://serviceusage.googleapis.com/v1/projects/b27-sde/services/firebaseapphosting.googleapis.com x-goog-quota-user=projects/b27-sde
[debug] [2026-01-20T08:40:44.082Z] >>> [apiv2][query] GET https://serviceusage.googleapis.com/v1/projects/b27-sde/services/firebaseio.com [none]
[debug] [2026-01-20T08:40:44.082Z] >>> [apiv2][(partial)header] GET https://serviceusage.googleapis.com/v1/projects/b27-sde/services/firebaseio.com x-goog-quota-user=projects/b27-sde
[debug] [2026-01-20T08:40:44.527Z] <<< [apiv2][status] GET https://serviceusage.googleapis.com/v1/projects/b27-sde/services/firebaseio.com 403
[debug] [2026-01-20T08:40:44.527Z] <<< [apiv2][body] GET https://serviceusage.googleapis.com/v1/projects/b27-sde/services/firebaseio.com [omitted]
[debug] [2026-01-20T08:40:44.617Z] <<< [apiv2][status] GET https://serviceusage.googleapis.com/v1/projects/b27-sde/services/firebasedataconnect.googleapis.com 200
[debug] [2026-01-20T08:40:44.618Z] <<< [apiv2][body] GET https://serviceusage.googleapis.com/v1/projects/b27-sde/services/firebasedataconnect.googleapis.com [omitted]
[debug] [2026-01-20T08:40:44.623Z] <<< [apiv2][status] GET https://serviceusage.googleapis.com/v1/projects/b27-sde/services/cloudfunctions.googleapis.com 200
[debug] [2026-01-20T08:40:44.623Z] <<< [apiv2][body] GET https://serviceusage.googleapis.com/v1/projects/b27-sde/services/cloudfunctions.googleapis.com [omitted]
[debug] [2026-01-20T08:40:44.627Z] <<< [apiv2][status] GET https://serviceusage.googleapis.com/v1/projects/b27-sde/services/firebaseapphosting.googleapis.com 200
[debug] [2026-01-20T08:40:44.627Z] <<< [apiv2][body] GET https://serviceusage.googleapis.com/v1/projects/b27-sde/services/firebaseapphosting.googleapis.com [omitted]
[debug] [2026-01-20T08:40:44.629Z] > command requires scopes: ["email","openid","https://www.googleapis.com/auth/cloudplatformprojects.readonly","https://www.googleapis.com/auth/firebase","https://www.googleapis.com/auth/cloud-platform"]
[debug] [2026-01-20T08:40:44.629Z] > authorizing via signed-in user (dev@automate-me.co)
[debug] [2026-01-20T08:40:44.629Z] Checked if tokens are valid: true, expires at: 1768902042540
[debug] [2026-01-20T08:40:44.629Z] Checked if tokens are valid: true, expires at: 1768902042540
[debug] [2026-01-20T08:40:44.629Z] >>> [apiv2][query] GET https://cloudbilling.googleapis.com/v1/projects/b27-sde/billingInfo [none]
[debug] [2026-01-20T08:40:44.810Z] <<< [apiv2][status] GET https://cloudbilling.googleapis.com/v1/projects/b27-sde/billingInfo 200
[debug] [2026-01-20T08:40:44.810Z] <<< [apiv2][body] GET https://cloudbilling.googleapis.com/v1/projects/b27-sde/billingInfo {"name":"projects/b27-sde/billingInfo","projectId":"b27-sde","billingAccountName":"billingAccounts/01CDFC-64F370-035BE3","billingEnabled":true}
[debug] [2026-01-20T08:40:44.811Z] > command requires scopes: ["email","openid","https://www.googleapis.com/auth/cloudplatformprojects.readonly","https://www.googleapis.com/auth/firebase","https://www.googleapis.com/auth/cloud-platform"]
[debug] [2026-01-20T08:40:44.811Z] > authorizing via signed-in user (dev@automate-me.co)
[debug] [2026-01-20T08:40:45.104Z] <<< [apiv2][status] GET https://serviceusage.googleapis.com/v1/projects/b27-sde/services/firebaseio.com 403
[debug] [2026-01-20T08:40:45.104Z] <<< [apiv2][body] GET https://serviceusage.googleapis.com/v1/projects/b27-sde/services/firebaseio.com [omitted]
[debug] [2026-01-20T08:40:45.167Z] <<< [apiv2][status] GET https://serviceusage.googleapis.com/v1/projects/b27-sde/services/firebaseio.com 403
[debug] [2026-01-20T08:40:45.167Z] <<< [apiv2][body] GET https://serviceusage.googleapis.com/v1/projects/b27-sde/services/firebaseio.com [omitted]
[debug] [2026-01-20T08:40:45.360Z] <<< [apiv2][status] GET https://serviceusage.googleapis.com/v1/projects/b27-sde/services/firebasedataconnect.googleapis.com 200
[debug] [2026-01-20T08:40:45.361Z] <<< [apiv2][body] GET https://serviceusage.googleapis.com/v1/projects/b27-sde/services/firebasedataconnect.googleapis.com [omitted]
[debug] [2026-01-20T08:40:45.361Z] <<< [apiv2][status] GET https://serviceusage.googleapis.com/v1/projects/b27-sde/services/firebaseapphosting.googleapis.com 200
[debug] [2026-01-20T08:40:45.361Z] <<< [apiv2][body] GET https://serviceusage.googleapis.com/v1/projects/b27-sde/services/firebaseapphosting.googleapis.com [omitted]
[debug] [2026-01-20T08:40:45.364Z] <<< [apiv2][status] GET https://serviceusage.googleapis.com/v1/projects/b27-sde/services/firebasedataconnect.googleapis.com 200
[debug] [2026-01-20T08:40:45.364Z] <<< [apiv2][body] GET https://serviceusage.googleapis.com/v1/projects/b27-sde/services/firebasedataconnect.googleapis.com [omitted]
[debug] [2026-01-20T08:40:45.370Z] <<< [apiv2][status] GET https://serviceusage.googleapis.com/v1/projects/b27-sde/services/cloudfunctions.googleapis.com 200
[debug] [2026-01-20T08:40:45.370Z] <<< [apiv2][body] GET https://serviceusage.googleapis.com/v1/projects/b27-sde/services/cloudfunctions.googleapis.com [omitted]
[debug] [2026-01-20T08:40:45.370Z] <<< [apiv2][status] GET https://serviceusage.googleapis.com/v1/projects/b27-sde/services/cloudfunctions.googleapis.com 200
[debug] [2026-01-20T08:40:45.371Z] <<< [apiv2][body] GET https://serviceusage.googleapis.com/v1/projects/b27-sde/services/cloudfunctions.googleapis.com [omitted]
[debug] [2026-01-20T08:40:45.371Z] <<< [apiv2][status] GET https://serviceusage.googleapis.com/v1/projects/b27-sde/services/firebaseapphosting.googleapis.com 200
[debug] [2026-01-20T08:40:45.371Z] <<< [apiv2][body] GET https://serviceusage.googleapis.com/v1/projects/b27-sde/services/firebaseapphosting.googleapis.com [omitted]
[debug] [2026-01-20T08:40:45.371Z] > command requires scopes: ["email","openid","https://www.googleapis.com/auth/cloudplatformprojects.readonly","https://www.googleapis.com/auth/firebase","https://www.googleapis.com/auth/cloud-platform"]
[debug] [2026-01-20T08:40:45.371Z] > authorizing via signed-in user (dev@automate-me.co)
[debug] [2026-01-20T08:40:45.372Z] Checked if tokens are valid: true, expires at: 1768902042540
[debug] [2026-01-20T08:40:45.372Z] Checked if tokens are valid: true, expires at: 1768902042540
[debug] [2026-01-20T08:40:45.372Z] >>> [apiv2][query] GET https://cloudbilling.googleapis.com/v1/projects/b27-sde/billingInfo [none]
[debug] [2026-01-20T08:40:45.548Z] <<< [apiv2][status] GET https://cloudbilling.googleapis.com/v1/projects/b27-sde/billingInfo 200
[debug] [2026-01-20T08:40:45.548Z] <<< [apiv2][body] GET https://cloudbilling.googleapis.com/v1/projects/b27-sde/billingInfo {"name":"projects/b27-sde/billingInfo","projectId":"b27-sde","billingAccountName":"billingAccounts/01CDFC-64F370-035BE3","billingEnabled":true}
[debug] [2026-01-20T08:40:45.549Z] > command requires scopes: ["email","openid","https://www.googleapis.com/auth/cloudplatformprojects.readonly","https://www.googleapis.com/auth/firebase","https://www.googleapis.com/auth/cloud-platform"]
[debug] [2026-01-20T08:40:45.549Z] > authorizing via signed-in user (dev@automate-me.co)
[debug] [2026-01-20T08:41:06.115Z] > command requires scopes: ["email","openid","https://www.googleapis.com/auth/cloudplatformprojects.readonly","https://www.googleapis.com/auth/firebase","https://www.googleapis.com/auth/cloud-platform"]
[debug] [2026-01-20T08:41:06.116Z] > authorizing via signed-in user (dev@automate-me.co)
[debug] [2026-01-20T08:41:06.116Z] > command requires scopes: ["email","openid","https://www.googleapis.com/auth/cloudplatformprojects.readonly","https://www.googleapis.com/auth/firebase","https://www.googleapis.com/auth/cloud-platform"]
[debug] [2026-01-20T08:41:06.116Z] > authorizing via signed-in user (dev@automate-me.co)
[debug] [2026-01-20T08:41:06.117Z] Checked if tokens are valid: true, expires at: 1768902042540
[debug] [2026-01-20T08:41:06.117Z] Checked if tokens are valid: true, expires at: 1768902042540
[debug] [2026-01-20T08:41:06.117Z] Checked if tokens are valid: true, expires at: 1768902042540
[debug] [2026-01-20T08:41:06.117Z] Checked if tokens are valid: true, expires at: 1768902042540
[debug] [2026-01-20T08:41:06.117Z] > command requires scopes: ["email","openid","https://www.googleapis.com/auth/cloudplatformprojects.readonly","https://www.googleapis.com/auth/firebase","https://www.googleapis.com/auth/cloud-platform"]
[debug] [2026-01-20T08:41:06.117Z] > authorizing via signed-in user (dev@automate-me.co)
[debug] [2026-01-20T08:41:06.117Z] Checked if tokens are valid: true, expires at: 1768902042540
[debug] [2026-01-20T08:41:06.117Z] Checked if tokens are valid: true, expires at: 1768902042540
[debug] [2026-01-20T08:41:06.117Z] >>> [apiv2][query] GET https://cloudbilling.googleapis.com/v1/projects/b27-sde/billingInfo [none]
[debug] [2026-01-20T08:41:06.125Z] >>> [apiv2][query] GET https://cloudbilling.googleapis.com/v1/projects/b27-sde/billingInfo [none]
[debug] [2026-01-20T08:41:06.126Z] >>> [apiv2][query] GET https://cloudbilling.googleapis.com/v1/projects/b27-sde/billingInfo [none]
[debug] [2026-01-20T08:41:06.413Z] <<< [apiv2][status] GET https://cloudbilling.googleapis.com/v1/projects/b27-sde/billingInfo 200
[debug] [2026-01-20T08:41:06.413Z] <<< [apiv2][body] GET https://cloudbilling.googleapis.com/v1/projects/b27-sde/billingInfo {"name":"projects/b27-sde/billingInfo","projectId":"b27-sde","billingAccountName":"billingAccounts/01CDFC-64F370-035BE3","billingEnabled":true}
[debug] [2026-01-20T08:41:06.418Z] Checked if tokens are valid: true, expires at: 1768902042540
[debug] [2026-01-20T08:41:06.418Z] Checked if tokens are valid: true, expires at: 1768902042540
[debug] [2026-01-20T08:41:06.418Z] Checked if tokens are valid: true, expires at: 1768902042540
[debug] [2026-01-20T08:41:06.418Z] Checked if tokens are valid: true, expires at: 1768902042540
[debug] [2026-01-20T08:41:06.423Z] Checked if tokens are valid: true, expires at: 1768902042540
[debug] [2026-01-20T08:41:06.423Z] Checked if tokens are valid: true, expires at: 1768902042540
[debug] [2026-01-20T08:41:06.423Z] Checked if tokens are valid: true, expires at: 1768902042540
[debug] [2026-01-20T08:41:06.423Z] Checked if tokens are valid: true, expires at: 1768902042540
[debug] [2026-01-20T08:41:06.423Z] >>> [apiv2][query] GET https://serviceusage.googleapis.com/v1/projects/b27-sde/services/firebasedataconnect.googleapis.com [none]
[debug] [2026-01-20T08:41:06.423Z] >>> [apiv2][(partial)header] GET https://serviceusage.googleapis.com/v1/projects/b27-sde/services/firebasedataconnect.googleapis.com x-goog-quota-user=projects/b27-sde
[debug] [2026-01-20T08:41:06.424Z] >>> [apiv2][query] GET https://serviceusage.googleapis.com/v1/projects/b27-sde/services/cloudfunctions.googleapis.com [none]
[debug] [2026-01-20T08:41:06.424Z] >>> [apiv2][(partial)header] GET https://serviceusage.googleapis.com/v1/projects/b27-sde/services/cloudfunctions.googleapis.com x-goog-quota-user=projects/b27-sde
[debug] [2026-01-20T08:41:06.424Z] >>> [apiv2][query] GET https://serviceusage.googleapis.com/v1/projects/b27-sde/services/firebaseapphosting.googleapis.com [none]
[debug] [2026-01-20T08:41:06.424Z] >>> [apiv2][(partial)header] GET https://serviceusage.googleapis.com/v1/projects/b27-sde/services/firebaseapphosting.googleapis.com x-goog-quota-user=projects/b27-sde
[debug] [2026-01-20T08:41:06.425Z] >>> [apiv2][query] GET https://serviceusage.googleapis.com/v1/projects/b27-sde/services/firebaseio.com [none]
[debug] [2026-01-20T08:41:06.425Z] >>> [apiv2][(partial)header] GET https://serviceusage.googleapis.com/v1/projects/b27-sde/services/firebaseio.com x-goog-quota-user=projects/b27-sde
[debug] [2026-01-20T08:41:06.440Z] <<< [apiv2][status] GET https://cloudbilling.googleapis.com/v1/projects/b27-sde/billingInfo 200
[debug] [2026-01-20T08:41:06.440Z] <<< [apiv2][body] GET https://cloudbilling.googleapis.com/v1/projects/b27-sde/billingInfo {"name":"projects/b27-sde/billingInfo","projectId":"b27-sde","billingAccountName":"billingAccounts/01CDFC-64F370-035BE3","billingEnabled":true}
[debug] [2026-01-20T08:41:06.441Z] Checked if tokens are valid: true, expires at: 1768902042540
[debug] [2026-01-20T08:41:06.441Z] Checked if tokens are valid: true, expires at: 1768902042540
[debug] [2026-01-20T08:41:06.441Z] Checked if tokens are valid: true, expires at: 1768902042540
[debug] [2026-01-20T08:41:06.441Z] Checked if tokens are valid: true, expires at: 1768902042540
[debug] [2026-01-20T08:41:06.442Z] Checked if tokens are valid: true, expires at: 1768902042540
[debug] [2026-01-20T08:41:06.442Z] Checked if tokens are valid: true, expires at: 1768902042540
[debug] [2026-01-20T08:41:06.442Z] Checked if tokens are valid: true, expires at: 1768902042540
[debug] [2026-01-20T08:41:06.442Z] Checked if tokens are valid: true, expires at: 1768902042540
[debug] [2026-01-20T08:41:06.442Z] >>> [apiv2][query] GET https://serviceusage.googleapis.com/v1/projects/b27-sde/services/firebasedataconnect.googleapis.com [none]
[debug] [2026-01-20T08:41:06.442Z] >>> [apiv2][(partial)header] GET https://serviceusage.googleapis.com/v1/projects/b27-sde/services/firebasedataconnect.googleapis.com x-goog-quota-user=projects/b27-sde
[debug] [2026-01-20T08:41:06.443Z] >>> [apiv2][query] GET https://serviceusage.googleapis.com/v1/projects/b27-sde/services/cloudfunctions.googleapis.com [none]
[debug] [2026-01-20T08:41:06.443Z] >>> [apiv2][(partial)header] GET https://serviceusage.googleapis.com/v1/projects/b27-sde/services/cloudfunctions.googleapis.com x-goog-quota-user=projects/b27-sde
[debug] [2026-01-20T08:41:06.443Z] >>> [apiv2][query] GET https://serviceusage.googleapis.com/v1/projects/b27-sde/services/firebaseapphosting.googleapis.com [none]
[debug] [2026-01-20T08:41:06.443Z] >>> [apiv2][(partial)header] GET https://serviceusage.googleapis.com/v1/projects/b27-sde/services/firebaseapphosting.googleapis.com x-goog-quota-user=projects/b27-sde
[debug] [2026-01-20T08:41:06.443Z] >>> [apiv2][query] GET https://serviceusage.googleapis.com/v1/projects/b27-sde/services/firebaseio.com [none]
[debug] [2026-01-20T08:41:06.443Z] >>> [apiv2][(partial)header] GET https://serviceusage.googleapis.com/v1/projects/b27-sde/services/firebaseio.com x-goog-quota-user=projects/b27-sde
[debug] [2026-01-20T08:41:06.447Z] <<< [apiv2][status] GET https://cloudbilling.googleapis.com/v1/projects/b27-sde/billingInfo 200
[debug] [2026-01-20T08:41:06.447Z] <<< [apiv2][body] GET https://cloudbilling.googleapis.com/v1/projects/b27-sde/billingInfo {"name":"projects/b27-sde/billingInfo","projectId":"b27-sde","billingAccountName":"billingAccounts/01CDFC-64F370-035BE3","billingEnabled":true}
[debug] [2026-01-20T08:41:06.447Z] Checked if tokens are valid: true, expires at: 1768902042540
[debug] [2026-01-20T08:41:06.447Z] Checked if tokens are valid: true, expires at: 1768902042540
[debug] [2026-01-20T08:41:06.447Z] Checked if tokens are valid: true, expires at: 1768902042540
[debug] [2026-01-20T08:41:06.447Z] Checked if tokens are valid: true, expires at: 1768902042540
[debug] [2026-01-20T08:41:06.448Z] Checked if tokens are valid: true, expires at: 1768902042540
[debug] [2026-01-20T08:41:06.448Z] Checked if tokens are valid: true, expires at: 1768902042540
[debug] [2026-01-20T08:41:06.448Z] Checked if tokens are valid: true, expires at: 1768902042540
[debug] [2026-01-20T08:41:06.448Z] Checked if tokens are valid: true, expires at: 1768902042540
[debug] [2026-01-20T08:41:06.448Z] >>> [apiv2][query] GET https://serviceusage.googleapis.com/v1/projects/b27-sde/services/firebasedataconnect.googleapis.com [none]
[debug] [2026-01-20T08:41:06.448Z] >>> [apiv2][(partial)header] GET https://serviceusage.googleapis.com/v1/projects/b27-sde/services/firebasedataconnect.googleapis.com x-goog-quota-user=projects/b27-sde
[debug] [2026-01-20T08:41:06.449Z] >>> [apiv2][query] GET https://serviceusage.googleapis.com/v1/projects/b27-sde/services/cloudfunctions.googleapis.com [none]
[debug] [2026-01-20T08:41:06.449Z] >>> [apiv2][(partial)header] GET https://serviceusage.googleapis.com/v1/projects/b27-sde/services/cloudfunctions.googleapis.com x-goog-quota-user=projects/b27-sde
[debug] [2026-01-20T08:41:06.449Z] >>> [apiv2][query] GET https://serviceusage.googleapis.com/v1/projects/b27-sde/services/firebaseapphosting.googleapis.com [none]
[debug] [2026-01-20T08:41:06.449Z] >>> [apiv2][(partial)header] GET https://serviceusage.googleapis.com/v1/projects/b27-sde/services/firebaseapphosting.googleapis.com x-goog-quota-user=projects/b27-sde
[debug] [2026-01-20T08:41:06.449Z] >>> [apiv2][query] GET https://serviceusage.googleapis.com/v1/projects/b27-sde/services/firebaseio.com [none]
[debug] [2026-01-20T08:41:06.449Z] >>> [apiv2][(partial)header] GET https://serviceusage.googleapis.com/v1/projects/b27-sde/services/firebaseio.com x-goog-quota-user=projects/b27-sde
[debug] [2026-01-20T08:41:07.091Z] <<< [apiv2][status] GET https://serviceusage.googleapis.com/v1/projects/b27-sde/services/firebaseio.com 403
[debug] [2026-01-20T08:41:07.091Z] <<< [apiv2][body] GET https://serviceusage.googleapis.com/v1/projects/b27-sde/services/firebaseio.com [omitted]
[debug] [2026-01-20T08:41:07.092Z] <<< [apiv2][status] GET https://serviceusage.googleapis.com/v1/projects/b27-sde/services/firebaseio.com 403
[debug] [2026-01-20T08:41:07.092Z] <<< [apiv2][body] GET https://serviceusage.googleapis.com/v1/projects/b27-sde/services/firebaseio.com [omitted]
[debug] [2026-01-20T08:41:07.112Z] <<< [apiv2][status] GET https://serviceusage.googleapis.com/v1/projects/b27-sde/services/firebaseio.com 403
[debug] [2026-01-20T08:41:07.112Z] <<< [apiv2][body] GET https://serviceusage.googleapis.com/v1/projects/b27-sde/services/firebaseio.com [omitted]
[debug] [2026-01-20T08:41:07.336Z] <<< [apiv2][status] GET https://serviceusage.googleapis.com/v1/projects/b27-sde/services/firebaseapphosting.googleapis.com 200
[debug] [2026-01-20T08:41:07.336Z] <<< [apiv2][body] GET https://serviceusage.googleapis.com/v1/projects/b27-sde/services/firebaseapphosting.googleapis.com [omitted]
[debug] [2026-01-20T08:41:07.338Z] <<< [apiv2][status] GET https://serviceusage.googleapis.com/v1/projects/b27-sde/services/firebasedataconnect.googleapis.com 200
[debug] [2026-01-20T08:41:07.338Z] <<< [apiv2][body] GET https://serviceusage.googleapis.com/v1/projects/b27-sde/services/firebasedataconnect.googleapis.com [omitted]
[debug] [2026-01-20T08:41:07.339Z] <<< [apiv2][status] GET https://serviceusage.googleapis.com/v1/projects/b27-sde/services/firebaseapphosting.googleapis.com 200
[debug] [2026-01-20T08:41:07.339Z] <<< [apiv2][body] GET https://serviceusage.googleapis.com/v1/projects/b27-sde/services/firebaseapphosting.googleapis.com [omitted]
[debug] [2026-01-20T08:41:07.342Z] <<< [apiv2][status] GET https://serviceusage.googleapis.com/v1/projects/b27-sde/services/firebasedataconnect.googleapis.com 200
[debug] [2026-01-20T08:41:07.342Z] <<< [apiv2][body] GET https://serviceusage.googleapis.com/v1/projects/b27-sde/services/firebasedataconnect.googleapis.com [omitted]
[debug] [2026-01-20T08:41:07.342Z] <<< [apiv2][status] GET https://serviceusage.googleapis.com/v1/projects/b27-sde/services/firebasedataconnect.googleapis.com 200
[debug] [2026-01-20T08:41:07.342Z] <<< [apiv2][body] GET https://serviceusage.googleapis.com/v1/projects/b27-sde/services/firebasedataconnect.googleapis.com [omitted]
[debug] [2026-01-20T08:41:07.342Z] <<< [apiv2][status] GET https://serviceusage.googleapis.com/v1/projects/b27-sde/services/firebaseapphosting.googleapis.com 200
[debug] [2026-01-20T08:41:07.342Z] <<< [apiv2][body] GET https://serviceusage.googleapis.com/v1/projects/b27-sde/services/firebaseapphosting.googleapis.com [omitted]
[debug] [2026-01-20T08:41:07.343Z] <<< [apiv2][status] GET https://serviceusage.googleapis.com/v1/projects/b27-sde/services/cloudfunctions.googleapis.com 200
[debug] [2026-01-20T08:41:07.343Z] <<< [apiv2][body] GET https://serviceusage.googleapis.com/v1/projects/b27-sde/services/cloudfunctions.googleapis.com [omitted]
[debug] [2026-01-20T08:41:07.344Z] <<< [apiv2][status] GET https://serviceusage.googleapis.com/v1/projects/b27-sde/services/cloudfunctions.googleapis.com 200
[debug] [2026-01-20T08:41:07.344Z] <<< [apiv2][body] GET https://serviceusage.googleapis.com/v1/projects/b27-sde/services/cloudfunctions.googleapis.com [omitted]
[debug] [2026-01-20T08:41:07.345Z] > command requires scopes: ["email","openid","https://www.googleapis.com/auth/cloudplatformprojects.readonly","https://www.googleapis.com/auth/firebase","https://www.googleapis.com/auth/cloud-platform"]
[debug] [2026-01-20T08:41:07.345Z] > authorizing via signed-in user (dev@automate-me.co)
[debug] [2026-01-20T08:41:07.345Z] Checked if tokens are valid: true, expires at: 1768902042540
[debug] [2026-01-20T08:41:07.345Z] Checked if tokens are valid: true, expires at: 1768902042540
[debug] [2026-01-20T08:41:07.345Z] >>> [apiv2][query] GET https://cloudbilling.googleapis.com/v1/projects/b27-sde/billingInfo [none]
[debug] [2026-01-20T08:41:07.346Z] <<< [apiv2][status] GET https://serviceusage.googleapis.com/v1/projects/b27-sde/services/cloudfunctions.googleapis.com 200
[debug] [2026-01-20T08:41:07.346Z] <<< [apiv2][body] GET https://serviceusage.googleapis.com/v1/projects/b27-sde/services/cloudfunctions.googleapis.com [omitted]
[debug] [2026-01-20T08:41:07.347Z] > command requires scopes: ["email","openid","https://www.googleapis.com/auth/cloudplatformprojects.readonly","https://www.googleapis.com/auth/firebase","https://www.googleapis.com/auth/cloud-platform"]
[debug] [2026-01-20T08:41:07.347Z] > authorizing via signed-in user (dev@automate-me.co)
[debug] [2026-01-20T08:41:07.347Z] Checked if tokens are valid: true, expires at: 1768902042540
[debug] [2026-01-20T08:41:07.347Z] Checked if tokens are valid: true, expires at: 1768902042540
[debug] [2026-01-20T08:41:07.347Z] >>> [apiv2][query] GET https://cloudbilling.googleapis.com/v1/projects/b27-sde/billingInfo [none]
[debug] [2026-01-20T08:41:07.814Z] <<< [apiv2][status] GET https://cloudbilling.googleapis.com/v1/projects/b27-sde/billingInfo 200
[debug] [2026-01-20T08:41:07.814Z] <<< [apiv2][body] GET https://cloudbilling.googleapis.com/v1/projects/b27-sde/billingInfo {"name":"projects/b27-sde/billingInfo","projectId":"b27-sde","billingAccountName":"billingAccounts/01CDFC-64F370-035BE3","billingEnabled":true}
[debug] [2026-01-20T08:41:07.816Z] > command requires scopes: ["email","openid","https://www.googleapis.com/auth/cloudplatformprojects.readonly","https://www.googleapis.com/auth/firebase","https://www.googleapis.com/auth/cloud-platform"]
[debug] [2026-01-20T08:41:07.816Z] > authorizing via signed-in user (dev@automate-me.co)
[debug] [2026-01-20T08:41:07.818Z] <<< [apiv2][status] GET https://cloudbilling.googleapis.com/v1/projects/b27-sde/billingInfo 200
[debug] [2026-01-20T08:41:07.818Z] <<< [apiv2][body] GET https://cloudbilling.googleapis.com/v1/projects/b27-sde/billingInfo {"name":"projects/b27-sde/billingInfo","projectId":"b27-sde","billingAccountName":"billingAccounts/01CDFC-64F370-035BE3","billingEnabled":true}
[debug] [2026-01-20T08:41:07.819Z] > command requires scopes: ["email","openid","https://www.googleapis.com/auth/cloudplatformprojects.readonly","https://www.googleapis.com/auth/firebase","https://www.googleapis.com/auth/cloud-platform"]
[debug] [2026-01-20T08:41:07.819Z] > authorizing via signed-in user (dev@automate-me.co)
[debug] [2026-01-20T09:04:15.600Z] > command requires scopes: ["email","openid","https://www.googleapis.com/auth/cloudplatformprojects.readonly","https://www.googleapis.com/auth/firebase","https://www.googleapis.com/auth/cloud-platform"]
[debug] [2026-01-20T09:04:15.600Z] > authorizing via signed-in user (dev@automate-me.co)
[debug] [2026-01-20T09:04:15.601Z] Checked if tokens are valid: true, expires at: 1768902042540
[debug] [2026-01-20T09:04:15.601Z] Checked if tokens are valid: true, expires at: 1768902042540
[debug] [2026-01-20T09:04:15.601Z] >>> [apiv2][query] GET https://cloudbilling.googleapis.com/v1/projects/b27-sde/billingInfo [none]
[debug] [2026-01-20T09:04:16.262Z] <<< [apiv2][status] GET https://cloudbilling.googleapis.com/v1/projects/b27-sde/billingInfo 200
[debug] [2026-01-20T09:04:16.262Z] <<< [apiv2][body] GET https://cloudbilling.googleapis.com/v1/projects/b27-sde/billingInfo {"name":"projects/b27-sde/billingInfo","projectId":"b27-sde","billingAccountName":"billingAccounts/01CDFC-64F370-035BE3","billingEnabled":true}
[debug] [2026-01-20T09:04:16.265Z] > command requires scopes: ["email","openid","https://www.googleapis.com/auth/cloudplatformprojects.readonly","https://www.googleapis.com/auth/firebase","https://www.googleapis.com/auth/cloud-platform"]
[debug] [2026-01-20T09:04:16.266Z] > authorizing via signed-in user (dev@automate-me.co)
[debug] [2026-01-20T09:04:16.266Z] Checked if tokens are valid: true, expires at: 1768902042540
[debug] [2026-01-20T09:04:16.266Z] Checked if tokens are valid: true, expires at: 1768902042540
[debug] [2026-01-20T09:04:16.266Z] >>> [apiv2][query] GET https://cloudbilling.googleapis.com/v1/projects/b27-sde/billingInfo [none]
[debug] [2026-01-20T09:04:16.480Z] <<< [apiv2][status] GET https://cloudbilling.googleapis.com/v1/projects/b27-sde/billingInfo 200
[debug] [2026-01-20T09:04:16.480Z] <<< [apiv2][body] GET https://cloudbilling.googleapis.com/v1/projects/b27-sde/billingInfo {"name":"projects/b27-sde/billingInfo","projectId":"b27-sde","billingAccountName":"billingAccounts/01CDFC-64F370-035BE3","billingEnabled":true}
[debug] [2026-01-20T09:04:22.163Z] > command requires scopes: ["email","openid","https://www.googleapis.com/auth/cloudplatformprojects.readonly","https://www.googleapis.com/auth/firebase","https://www.googleapis.com/auth/cloud-platform"]
[debug] [2026-01-20T09:04:22.163Z] > authorizing via signed-in user (dev@automate-me.co)
[debug] [2026-01-20T09:04:22.163Z] Checked if tokens are valid: true, expires at: 1768902042540
[debug] [2026-01-20T09:04:22.163Z] Checked if tokens are valid: true, expires at: 1768902042540
[debug] [2026-01-20T09:04:22.163Z] >>> [apiv2][query] GET https://cloudbilling.googleapis.com/v1/projects/b27-sde/billingInfo [none]
[debug] [2026-01-20T09:04:22.361Z] <<< [apiv2][status] GET https://cloudbilling.googleapis.com/v1/projects/b27-sde/billingInfo 200
[debug] [2026-01-20T09:04:22.361Z] <<< [apiv2][body] GET https://cloudbilling.googleapis.com/v1/projects/b27-sde/billingInfo {"name":"projects/b27-sde/billingInfo","projectId":"b27-sde","billingAccountName":"billingAccounts/01CDFC-64F370-035BE3","billingEnabled":true}
[debug] [2026-01-20T09:04:22.362Z] > command requires scopes: ["email","openid","https://www.googleapis.com/auth/cloudplatformprojects.readonly","https://www.googleapis.com/auth/firebase","https://www.googleapis.com/auth/cloud-platform"]
[debug] [2026-01-20T09:04:22.362Z] > authorizing via signed-in user (dev@automate-me.co)
[debug] [2026-01-20T09:04:22.362Z] Checked if tokens are valid: true, expires at: 1768902042540
[debug] [2026-01-20T09:04:22.362Z] Checked if tokens are valid: true, expires at: 1768902042540
[debug] [2026-01-20T09:04:22.362Z] >>> [apiv2][query] GET https://cloudbilling.googleapis.com/v1/projects/b27-sde/billingInfo [none]
[debug] [2026-01-20T09:04:22.544Z] <<< [apiv2][status] GET https://cloudbilling.googleapis.com/v1/projects/b27-sde/billingInfo 200
[debug] [2026-01-20T09:04:22.545Z] <<< [apiv2][body] GET https://cloudbilling.googleapis.com/v1/projects/b27-sde/billingInfo {"name":"projects/b27-sde/billingInfo","projectId":"b27-sde","billingAccountName":"billingAccounts/01CDFC-64F370-035BE3","billingEnabled":true}
[debug] [2026-01-20T09:04:22.545Z] Checked if tokens are valid: true, expires at: 1768902042540
[debug] [2026-01-20T09:04:22.545Z] Checked if tokens are valid: true, expires at: 1768902042540
[debug] [2026-01-20T09:04:22.545Z] >>> [apiv2][query] POST https://firestore.googleapis.com/v1/projects/b27-sde/databases/(default)/documents:listCollectionIds [none]
[debug] [2026-01-20T09:04:22.545Z] >>> [apiv2][body] POST https://firestore.googleapis.com/v1/projects/b27-sde/databases/(default)/documents:listCollectionIds {"pageSize":2147483647}
[debug] [2026-01-20T09:04:22.746Z] <<< [apiv2][status] POST https://firestore.googleapis.com/v1/projects/b27-sde/databases/(default)/documents:listCollectionIds 200
[debug] [2026-01-20T09:04:22.746Z] <<< [apiv2][body] POST https://firestore.googleapis.com/v1/projects/b27-sde/databases/(default)/documents:listCollectionIds {"collectionIds":["auditElements","audits","buildings","categories","contacts","icpeTypes","portfolios","regulatories","sections","subCategories","templateElements","users"]}
[debug] [2026-01-20T09:04:28.148Z] > command requires scopes: ["email","openid","https://www.googleapis.com/auth/cloudplatformprojects.readonly","https://www.googleapis.com/auth/firebase","https://www.googleapis.com/auth/cloud-platform"]
[debug] [2026-01-20T09:04:28.149Z] > authorizing via signed-in user (dev@automate-me.co)
[debug] [2026-01-20T09:04:28.149Z] Checked if tokens are valid: true, expires at: 1768902042540
[debug] [2026-01-20T09:04:28.149Z] Checked if tokens are valid: true, expires at: 1768902042540
[debug] [2026-01-20T09:04:28.149Z] >>> [apiv2][query] GET https://cloudbilling.googleapis.com/v1/projects/b27-sde/billingInfo [none]
[debug] [2026-01-20T09:04:28.460Z] <<< [apiv2][status] GET https://cloudbilling.googleapis.com/v1/projects/b27-sde/billingInfo 200
[debug] [2026-01-20T09:04:28.460Z] <<< [apiv2][body] GET https://cloudbilling.googleapis.com/v1/projects/b27-sde/billingInfo {"name":"projects/b27-sde/billingInfo","projectId":"b27-sde","billingAccountName":"billingAccounts/01CDFC-64F370-035BE3","billingEnabled":true}
[debug] [2026-01-20T09:04:28.461Z] > command requires scopes: ["email","openid","https://www.googleapis.com/auth/cloudplatformprojects.readonly","https://www.googleapis.com/auth/firebase","https://www.googleapis.com/auth/cloud-platform"]
[debug] [2026-01-20T09:04:28.461Z] > authorizing via signed-in user (dev@automate-me.co)
[debug] [2026-01-20T09:04:28.461Z] Checked if tokens are valid: true, expires at: 1768902042540
[debug] [2026-01-20T09:04:28.461Z] Checked if tokens are valid: true, expires at: 1768902042540
[debug] [2026-01-20T09:04:28.461Z] >>> [apiv2][query] GET https://cloudbilling.googleapis.com/v1/projects/b27-sde/billingInfo [none]
[debug] [2026-01-20T09:04:28.613Z] <<< [apiv2][status] GET https://cloudbilling.googleapis.com/v1/projects/b27-sde/billingInfo 200
[debug] [2026-01-20T09:04:28.613Z] <<< [apiv2][body] GET https://cloudbilling.googleapis.com/v1/projects/b27-sde/billingInfo {"name":"projects/b27-sde/billingInfo","projectId":"b27-sde","billingAccountName":"billingAccounts/01CDFC-64F370-035BE3","billingEnabled":true}
[debug] [2026-01-20T09:04:28.614Z] Checked if tokens are valid: true, expires at: 1768902042540
[debug] [2026-01-20T09:04:28.614Z] Checked if tokens are valid: true, expires at: 1768902042540
[debug] [2026-01-20T09:04:28.614Z] >>> [apiv2][query] POST https://firestore.googleapis.com/v1/projects/b27-sde/databases/(default)/documents:runQuery [none]
[debug] [2026-01-20T09:04:28.614Z] >>> [apiv2][body] POST https://firestore.googleapis.com/v1/projects/b27-sde/databases/(default)/documents:runQuery {"structuredQuery":{"from":[{"collectionId":"buildings","allDescendants":false}],"where":{"compositeFilter":{"op":"AND","filters":[]}},"limit":1},"explainOptions":{"analyze":true},"newTransaction":{"readOnly":{"readTime":"2026-01-20T09:04:28.614Z"}}}
[debug] [2026-01-20T09:04:28.734Z] <<< [apiv2][status] POST https://firestore.googleapis.com/v1/projects/b27-sde/databases/(default)/documents:runQuery 200
[debug] [2026-01-20T09:04:28.734Z] <<< [apiv2][body] POST https://firestore.googleapis.com/v1/projects/b27-sde/databases/(default)/documents:runQuery [{"transaction":"Eavra/TMpk8sIlkAO20ojPqSMg3IB4sr+hFaNaS1EKlbViQg8gK3qiyUGcwBICU0yKeC6uJMtbm2V+caF7zFipTLcCeHcAXGFVN18yK5E7HGIOt/KOR9MB+fUGJrJXVxxh199Q=="},{"document":{"name":"projects/b27-sde/databases/(default)/documents/buildings/01MK4DjOvwUYsDU1Zxcq","fields":{"name":{"stringValue":"CORBAS"},"address":{"stringValue":"42B Boulevard des Nations Corbas"},"dateAPAPC":{"stringValue":"Arrêté préfectoral du 30 août 2023 et arrêté préfectoral complémentaire du 29 septembre 2023"},"changementExploitant":{"stringValue":"De la société PRD vers la société TCS le 27 octobre 2023"},"owner":{"stringValue":"LNYcOMrq6NcAHM5dFfWD"},"responsableSDE":{"arrayValue":{"values":[{"stringValue":"5dIVl0GAX48ZnY946NCd"}]}},"regulatories":{"booleanValue":true},"portfolio":{"stringValue":"l64laQjJAH2Cq5n0lS9o"},"dateDerniereInspection":{"stringValue":"2024-06-24"},"titularArreteePrefectoral":{"stringValue":"STERNE (TCS)"},"propertyManager":{"stringValue":"epiv8llsXt7EfVTsMvj6"},"conformity":{"stringValue":"Non disponible "},"icpeRegulations":{"stringValue":"L’arrêté préfectoral du 30 août 2023 et l'APC du 29/09/2023. \nL’arrêté du 4 octobre 2010, relatif à la prévention des risques accidentels au sein des ICPE soumises à autorisation (protection foudre)."},"icpeTypes":{"arrayValue":{"values":[{"mapValue":{"fields":{"refId":{"stringValue":"W0Jw58otKmkDSvqC9bFB"},"capacity":{"stringValue":"Un local de charge Puissance de charge : 100 kW"}}}},{"mapValue":{"fields":{"refId":{"stringValue":"NyNB2towtv8LxU2ffBE7"},"capacity":{"stringValue":"2 cellules de stockage Volume de l’entrepôt : 128 884,7 m³ Quantité maximale de matière combustible supérieure à 500t :  5 689 t (12 383 m³ en cellule 1 et 25 520 m³ en cellule 2)"}}}}]}},"updatedAt":{"timestampValue":"2026-01-09T15:45:01.679Z"},"tenant":{"stringValue":"STERNE et Sous-locataire : HEXATRANS"},"siteContact":{"stringValue":"STERNE : Julien BRYERE 07 61 27 50 59// HEXATRANS : Grégory Mermet 06 66 05 59 29 - 04 78 20 80 99 _ gregory.mermet@hexatrans.fr "},"AP":{"arrayValue":{"values":[{"mapValue":{"fields":{"sectionId":{"stringValue":"IdcksTTvgpXqnxsyCOen"},"categoryId":{"stringValue":"LPxXuU0FJ7EJ15RUuHQA"},"text":{"stringValue":"APC du 29/09/2023 - Article 2 : Les points d’eau incendie font l’objet d’un contrôle fonctionnel a minima annuel et de mesures de débit-pression au moins tous les 5 ans."},"subCategoryId":{"stringValue":"PlEkuzdh8SQX9pRTtNWY"}}}},{"mapValue":{"fields":{"sectionId":{"stringValue":"0DXtF4SrrwbLB3d6mXSF"},"categoryId":{"stringValue":"sKFBt30svt9aSQGsBY5o"},"text":{"stringValue":"AP du 30/08/2023 - Article 2.1.2. Matières dangereuses : Toutefois, des matières dangereuses pourront y être stockées (en faibles quantités et en dessous des seuils de classement au titre d’une autre rubrique de la nomenclature des installations classées pour la protection de l’environnement que la rubrique 1510) ...."},"subCategoryId":{"stringValue":"nhEXa8TzNJGAG4p1A1LV"}}}},{"mapValue":{"fields":{"sectionId":{"stringValue":"0DXtF4SrrwbLB3d6mXSF"},"categoryId":{"stringValue":"sKFBt30svt9aSQGsBY5o"},"text":{"stringValue":"AP du 30/08/2023- Article 2.1.5. Matières liquides : Le volume de matières liquides susceptibles d’être stockées ne dépasse pas 200 m³."},"subCategoryId":{"stringValue":"nhEXa8TzNJGAG4p1A1LV"}}}},{"mapValue":{"fields":{"sectionId":{"stringValue":"MwV8knYWAtHczHcpUjP3"},"categoryId":{"stringValue":"yWqMjRaZ83XvLADVTKkT"},"text":{"stringValue":"APC du 29/09/2023 - Article 2 : L’exploitant dispose notamment de 4 points d’eau incendie sous pression délivrant au minimum 360 m³/h (en simultané) et d’une réserve de 600 m³."}}}}]}},"technicalManager":{"stringValue":"epiv8llsXt7EfVTsMvj6"}},"createTime":"2024-10-23T14:48:49.112176Z","updateTime":"2026-01-19T13:23:06.471470Z"},"readTime":"2026-01-20T09:04:28.614Z","explainMetrics":{"planSummary":{"indexesUsed":[{"properties":"(__name__ ASC)","query_scope":"Collection"}]},"executionStats":{"resultsReturned":"1","executionDuration":"0.018728s","readOperations":"1","debugStats":{"billing_details":{"index_entries_billable":"0","documents_billable":"1","min_query_cost":"0","small_ops":"0"},"index_entries_scanned":"2","documents_scanned":"1"}}}}]
